-- phpMyAdmin SQL Dump
-- version 4.6.5.2
-- https://www.phpmyadmin.net/
--
-- Host: localhost:3306
-- Generation Time: May 15, 2018 at 08:10 AM
-- Server version: 5.6.35
-- PHP Version: 7.0.15

SET SQL_MODE = "NO_AUTO_VALUE_ON_ZERO";
SET time_zone = "+00:00";


/*!40101 SET @OLD_CHARACTER_SET_CLIENT=@@CHARACTER_SET_CLIENT */;
/*!40101 SET @OLD_CHARACTER_SET_RESULTS=@@CHARACTER_SET_RESULTS */;
/*!40101 SET @OLD_COLLATION_CONNECTION=@@COLLATION_CONNECTION */;
/*!40101 SET NAMES utf8mb4 */;

--
-- Database: `db_webda`
--

-- --------------------------------------------------------

--
-- Table structure for table `learnings`
--

CREATE TABLE `learnings` (
  `id` int(10) UNSIGNED NOT NULL,
  `name` varchar(191) COLLATE utf8mb4_unicode_ci NOT NULL,
  `slug` varchar(191) COLLATE utf8mb4_unicode_ci DEFAULT NULL,
  `description` text COLLATE utf8mb4_unicode_ci,
  `vdo_youtube` varchar(255) COLLATE utf8mb4_unicode_ci DEFAULT NULL,
  `unit_id` int(10) UNSIGNED NOT NULL,
  `created_at` timestamp NULL DEFAULT NULL,
  `updated_at` timestamp NULL DEFAULT NULL
) ENGINE=InnoDB DEFAULT CHARSET=utf8mb4 COLLATE=utf8mb4_unicode_ci;

--
-- Dumping data for table `learnings`
--

INSERT INTO `learnings` (`id`, `name`, `slug`, `description`, `vdo_youtube`, `unit_id`, `created_at`, `updated_at`) VALUES
(4, 'จุดประสงค์การเรียนรู้', 'จุดประสงค์การเรียนรู้', '<p>รายละเอียด&nbsp;</p>', '', 1, '2018-05-09 00:36:00', '2018-05-09 03:37:00'),
(5, 'ความรู้เบื้องต้นเกี่ยวกับ Desktop Author', NULL, '<p>รายละเอียด&nbsp;ความรู้เบื้องต้นเกี่ยวกับ Desktop Author</p>', 'https://youtu.be/3SULViD_i5I', 1, '2018-05-09 00:36:17', '2018-05-12 14:44:51'),
(6, 'วิธีการเข้าสู่โปรแกรม', NULL, '<ul>\r\n<li><a href=\"/webda/public/\">วิธีการเข้าสู่โปรแกรม</a></li>\r\n</ul>', 'vdo_2018-05-14152626274368580.mp4', 1, '2018-05-09 00:36:32', '2018-05-14 01:52:23'),
(7, 'ส่วนประกอบของโปรแกรมบ', 'ส่วนประกอบของโปรแกรม', NULL, NULL, 1, '2018-05-09 00:36:45', '2018-05-09 00:36:45'),
(9, 'จุดประสงค์การเรียนรู้', 'จุดประสงค์การเรียนรู้', '<p><span style=\"font-weight: 400;\">จุดประสงค์การเรียนรู้</span></p>', NULL, 2, '2018-05-09 05:56:38', '2018-05-09 05:56:38'),
(10, 'การกำหนดคุณสมบัติเบื้องต้น', NULL, NULL, 'vdo_2018-05-12152613638871444.mp4', 2, '2018-05-09 05:56:51', '2018-05-12 14:46:28'),
(11, 'การแบ่งหน้ากระดาษ', NULL, NULL, 'vdo_2018-05-12152613640042492.mp4', 2, '2018-05-09 05:57:02', '2018-05-12 14:46:40'),
(12, 'การแทรกภาพปกหน้าและกำหนดให้โปร่งใส', NULL, NULL, 'vdo_2018-05-12152613642243575.mp4', 2, '2018-05-09 05:57:13', '2018-05-12 14:47:02'),
(13, 'การเพิ่มหน้ากระดาษ', NULL, NULL, 'vdo_2018-05-12152613643538779.mp4', 2, '2018-05-09 05:57:24', '2018-05-12 14:47:15'),
(14, 'การใส่สีให้หน้ากระดาษ', NULL, NULL, 'vdo_2018-05-12152613644755739.mp4', 2, '2018-05-09 05:57:34', '2018-05-12 14:47:27'),
(15, 'จุดประสงค์การเรียนรู้', 'จุดประสงค์การเรียนรู้', NULL, NULL, 3, '2018-05-09 05:57:46', '2018-05-09 05:57:46'),
(16, 'การพิมพ์ข้อความลงในหนังสือ', NULL, NULL, 'vdo_2018-05-12152613668126034.mp4', 3, '2018-05-09 05:58:00', '2018-05-12 14:51:21'),
(17, 'การทำภาพ Popup', NULL, NULL, 'vdo_2018-05-12152613669631156.mp4', 3, '2018-05-09 05:58:09', '2018-05-12 14:51:36'),
(18, 'การแทรกไฟล์ MP3', NULL, NULL, 'vdo_2018-05-12152613671260368.mp4', 3, '2018-05-09 05:58:20', '2018-05-12 14:51:52'),
(19, 'การแทรกไฟล์ Animation และวิดีโอ', NULL, NULL, 'vdo_2018-05-12152613672674721.mp4', 3, '2018-05-09 05:58:32', '2018-05-12 14:52:06'),
(20, 'จุดประสงค์การเรียนรู้', 'จุดประสงค์การเรียนรู้', NULL, NULL, 4, '2018-05-09 05:58:44', '2018-05-09 05:58:44'),
(21, 'การแทรกปุ่ม Buttons และการเชื่อมโยง', NULL, NULL, 'vdo_2018-05-12152613721432103.mp4', 4, '2018-05-09 05:58:58', '2018-05-12 15:00:14'),
(22, 'การทำสารบัญ และการเชื่อมโยง', NULL, NULL, 'vdo_2018-05-12152613722359135.mp4', 4, '2018-05-09 05:59:08', '2018-05-12 15:00:23'),
(23, 'การกำหนดปกหลังให้มีคุณภาพโปร่งใส', NULL, NULL, 'vdo_2018-05-12152613723316468.mp4', 4, '2018-05-09 05:59:21', '2018-05-12 15:00:33'),
(24, 'จุดประสงค์การเรียนรู้', 'จุดประสงค์การเรียนรู้', NULL, NULL, 5, '2018-05-09 05:59:31', '2018-05-09 05:59:31'),
(25, 'การสร้างคำถามและคำตอบ', 'การสร้างคำถามและคำตอบ', NULL, '5.1.mp4', 5, '2018-05-09 05:59:41', '2018-05-09 05:59:41'),
(26, 'การสร้างปุ่มสำหรับการส่งแบบทดสอบ', NULL, NULL, 'vdo_2018-05-12152613734075341.mp4', 5, '2018-05-09 05:59:51', '2018-05-12 15:02:20'),
(27, 'จุดประสงค์การเรียนรู้', 'จุดประสงค์การเรียนรู้', NULL, NULL, 6, '2018-05-09 06:00:02', '2018-05-09 06:00:02'),
(28, 'การบีบอัดไฟล์งานด้วยคำสั่ง Package', NULL, NULL, 'vdo_2018-05-12152613735112432.mp4', 6, '2018-05-09 06:00:14', '2018-05-12 15:02:31');

-- --------------------------------------------------------

--
-- Table structure for table `menu`
--

CREATE TABLE `menu` (
  `id` int(10) UNSIGNED NOT NULL,
  `name` varchar(191) COLLATE utf8mb4_unicode_ci NOT NULL,
  `slug` varchar(191) COLLATE utf8mb4_unicode_ci NOT NULL,
  `description` text COLLATE utf8mb4_unicode_ci,
  `created_at` timestamp NULL DEFAULT NULL,
  `updated_at` timestamp NULL DEFAULT NULL
) ENGINE=InnoDB DEFAULT CHARSET=utf8mb4 COLLATE=utf8mb4_unicode_ci;

--
-- Dumping data for table `menu`
--

INSERT INTO `menu` (`id`, `name`, `slug`, `description`, `created_at`, `updated_at`) VALUES
(1, 'แนะนำบทเรียน', 'แนะนำบทเรียน', '<p>แนะนำบทเรียน</p>', '2018-05-07 17:00:00', '2018-05-08 03:36:33'),
(2, 'ความรุ้เพิ่มเพิ่ม', 'ความรู้เพิ่มเติม', '<p>ความรู้เพิ่มเติม</p>', '2018-05-08 03:40:07', '2018-05-11 06:41:06'),
(3, 'ผู้จัดทำ', 'author', NULL, '2018-05-08 03:40:30', '2018-05-08 03:41:18'),
(4, 'ดาวน์โหลดคู่มือ', 'download', NULL, '2018-05-08 03:41:06', '2018-05-08 03:41:06'),
(5, 'บรรณานุกรม', 'บรรณานุกรม', '<p>คณะเทคโนโลยีสารสนเทศ มหาวิทยาลัยราชภัฏมหาสารคาม. (2554).คู่มือประกอบการอบรมหลักสูตรการ พัฒนาหนังสืออิเล็กทรอนิกส์. มหาสารคาม: มหาวิทยาลัยราชภัฎมหาสารคาม.</p>\r\n<p>เดือนเพ็ญ ภานุรักษ์. (2553). การพัฒนาหนังสืออิเล็กทรอนิกส์ในโครงการศูนย์ทางไกลเพื่อการพัฒนา การศึกษาและพัฒนาชนบทในภาคตะวันออกเฉียงเหนือ. วิทยานิพนธ์ครุศาสตรมหาบัณฑิต. มหาสารคาม: มาหาวิทยาลัยราชภัฎมหาสารคาม.</p>\r\n<p>บุญเลิศ อรุณพิบูลย์. (2551). สร้างสรรค์ Multimedia e-book ด้วย Desktop Author. ศูนย์บริการ ความรู้ทางวิทยาศาสตร์และเทคโนโลยี. กรุงเทพมหานคร.</p>\r\n<p>ไพฑูรย์ ศรีฟ้า. (2551). E-book หนังสือพูดได้. พิมพ์ครั้งที่ 2. กรุงเทพมหานคร: ฐานการพิมพ์.</p>\r\n<p>ภาสกร เรืองรอง. (2557). การพัฒนาอีบุ๊กบนคอมพิวเตอร์แบบพกพา e-book บน Tabetpc. กรุงเทพ: โรงพิมพิมพ์พรทิชา.</p>', '2018-05-08 03:41:52', '2018-05-11 07:30:26');

-- --------------------------------------------------------

--
-- Table structure for table `migrations`
--

CREATE TABLE `migrations` (
  `id` int(10) UNSIGNED NOT NULL,
  `migration` varchar(191) COLLATE utf8mb4_unicode_ci NOT NULL,
  `batch` int(11) NOT NULL
) ENGINE=InnoDB DEFAULT CHARSET=utf8mb4 COLLATE=utf8mb4_unicode_ci;

--
-- Dumping data for table `migrations`
--

INSERT INTO `migrations` (`id`, `migration`, `batch`) VALUES
(1, '2014_10_12_000000_create_users_table', 1),
(2, '2014_10_12_100000_create_password_resets_table', 1),
(3, '2018_05_05_205221_create_menu_table', 1),
(4, '2018_05_07_182641_create_Units_table', 1),
(5, '2018_05_07_183252_create_Learnings_table', 1),
(6, '2018_05_08_104831_create_pretests_table', 2),
(7, '2018_05_08_140603_create_posttests_table', 3),
(9, '2018_05_09_062130_create_tests_table', 4),
(12, '2018_05_11_122440_create_score_table', 6),
(14, '2018_05_11_144559_create_submenu_table', 7),
(17, '2018_05_13_124438_create_result_pretest_table', 8),
(18, '2018_05_13_124551_create_result_posttest_table', 8),
(19, '2018_05_13_132440_create_score_test_table', 9),
(21, '2018_05_13_132553_create_result_test_table', 10);

-- --------------------------------------------------------

--
-- Table structure for table `password_resets`
--

CREATE TABLE `password_resets` (
  `email` varchar(191) COLLATE utf8mb4_unicode_ci NOT NULL,
  `token` varchar(191) COLLATE utf8mb4_unicode_ci NOT NULL,
  `created_at` timestamp NULL DEFAULT NULL
) ENGINE=InnoDB DEFAULT CHARSET=utf8mb4 COLLATE=utf8mb4_unicode_ci;

-- --------------------------------------------------------

--
-- Table structure for table `posttests`
--

CREATE TABLE `posttests` (
  `id` int(10) UNSIGNED NOT NULL,
  `question` text COLLATE utf8mb4_unicode_ci,
  `choice1` text COLLATE utf8mb4_unicode_ci,
  `choice2` text COLLATE utf8mb4_unicode_ci,
  `choice3` text COLLATE utf8mb4_unicode_ci,
  `choice4` text COLLATE utf8mb4_unicode_ci,
  `answer` char(191) COLLATE utf8mb4_unicode_ci DEFAULT NULL,
  `created_at` timestamp NULL DEFAULT NULL,
  `updated_at` timestamp NULL DEFAULT NULL
) ENGINE=InnoDB DEFAULT CHARSET=utf8mb4 COLLATE=utf8mb4_unicode_ci;

--
-- Dumping data for table `posttests`
--

INSERT INTO `posttests` (`id`, `question`, `choice1`, `choice2`, `choice3`, `choice4`, `answer`, `created_at`, `updated_at`) VALUES
(4, '<p><span style=\"font-weight: 400;\">ข้อใดให้ความหมายของหนังสืออิเล็กทรอนิกส์ได้ถูกต้องที่สุ</span></p>', 'หนังสือที่สร้างด้วยโปรแกรมคอมพิวเตอร์ไม่สามารถแทรกภาพและเสียงได้', 'หนังสือที่สร้างด้วยโปรแกรมคอมพิวเตอร์ไม่สามารถแทรกภาพเคลื่อนไหวและวีดีโอได้', 'หนังสือที่สร้างด้วยโปรแกรมคอมพิวเตอร์ประกอบด้วยข้อความ ภาพ เสียง วีดีโอและภาพเคลื่อนไหว', 'หนังสือที่สามารถเปิดอ่านได้ในเครื่องคอมพิวเตอร์เท่านั้น', '3', '2018-05-12 16:05:50', '2018-05-12 16:05:50'),
(5, '<p><span style=\"font-weight: 400;\">โปรแกรม Desktop Author มีแฟ้มนามสกุลตรงกับข้อใด</span></p>', 'นามสกุลไฟล์ .opf', 'นามสกุลไฟล์ .dml', 'นามสกุลไฟล์ .scr', 'นามสกุลไฟล์ .doc', '2', '2018-05-12 16:06:38', '2018-05-12 16:06:38'),
(6, '<p><span style=\"font-weight: 400;\">โปรแกรมใดที่นิยมนำมาสร้างหนังสืออิเล็กทรอนิกส์</span></p>', 'โปรแกรม Microsoft Excel', 'โปรแกรม Microsoft Word', 'โปรแกรม Microsoft PowerPoint', 'โปรแกรม Desktop Author', '4', '2018-05-12 16:07:12', '2018-05-12 16:07:12'),
(7, '<p><span style=\"font-weight: 400;\">ข้อใดกล่าวไม่ถูกต้อง</span></p>', 'โปรแกรม Flip Viewer ใช้อ่านแฟ้มนามสกุล .opf', 'โปรแกรม DNL Reader ใช้อ่านแฟ้มนามสกุล .dml', 'โปรแกรม Flash Player ใช้อ่านแฟ้มนามสกุล .swf', 'โปรแกรม Microsoft Excel ใช้อ่านแฟ้มนามสกุล .doc', '4', '2018-05-12 16:07:57', '2018-05-12 16:07:57'),
(8, '<p><span style=\"font-weight: 400;\">ข้อใดต่อไปนี้ไม่จัดอยู่ในโปรแกรมการสร้างหนังสืออิเล็กทรอนิกส์</span></p>', 'โปรแกรม FilpAlbum', 'โปรแกรม Desktop Author', 'โปรแกรม Flip Flash Album', 'โปรแกรม E-Learning', '4', '2018-05-12 16:08:29', '2018-05-12 16:08:29'),
(9, '<p><span style=\"font-weight: 400;\">การสร้างหนังสือเล่มใหม่ต้องคลิกคำสั่งใด &nbsp;</span></p>', 'Open', 'Save', 'Page', 'New', '4', '2018-05-12 16:09:00', '2018-05-12 16:09:00'),
(10, '<p><span style=\"font-weight: 400;\">การตั้งค่าคุณสมบัติหนังสืออิเล็กทรอนิกส์ ความกว้างและความสูง ควรตั้งค่าอย่างไร</span></p>', 'ความกว้าง 650 Pixels x ความสูง 700 Pixels', 'ความกว้าง 700 Pixels x ความสูง 750 Pixel', 'ความกว้าง 700 Pixels x ความสูง 440 Pixels', 'ความกว้าง 750 Pixels x ความสูง 550 Pixels', '3', '2018-05-12 16:09:43', '2018-05-12 16:09:43'),
(11, '<p><span style=\"font-weight: 400;\">การเพิ่มเส้นแบ่งครึ่งหน้าหนังสือ มีขั้นตอนอย่างไร</span></p>', 'เมนู Tools ---> เลือก Page', 'เมนู Insert ---> เลือก Image', 'เมนู Buttons ---> เลือก Dividers', 'เมนู Edit ---> เลือก Properties', '3', '2018-05-12 16:13:52', '2018-05-12 16:13:52'),
(12, '<p><span style=\"font-weight: 400;\">ข้อใดคือขั้นตอนในการใช้คำสั่งในแถบเมนูเพิ่มหน้ากระดาษ</span></p>', 'เมนู Insert ---> เลือก Box', 'เมนู Insert ---> เลือก Image', 'เมนู Insert ---> เลือก Page', 'เมนู File ---> เลือก Page', '3', '2018-05-12 16:14:29', '2018-05-12 16:14:29'),
(13, '<p><span style=\"font-weight: 400;\">จงเรียงลำดับขั้นตอนการสร้างปกหน้าให้มีคุณสมบัติโปร่งใส</span></p>\r\n<ol>\r\n<li><span style=\"font-weight: 400;\"> เมนู Insert ---&gt; เลือก Insert Box</span></li>\r\n<li><span style=\"font-weight: 400;\"> เมนู Tools ---&gt; เลือก Box Transparency</span></li>\r\n<li><span style=\"font-weight: 400;\"> สร้างกรอบสี ---&gt; ขยายให้เต็มพื้นที่ด้านซ้ายมือ</span></li>\r\n<li><span style=\"font-weight: 400;\"> คลิกเลือก With Transparency ---&gt; เลือก Transparent Colour</span></li>\r\n</ol>', '1-2-3-4', '2-4-1-3', '3-2-1-4', '4-3-2-1', '2', '2018-05-12 16:15:22', '2018-05-12 16:15:22'),
(14, '<p><span style=\"font-weight: 400;\">ข้อใด </span><strong>ไม่ใช่</strong><span style=\"font-weight: 400;\"> องค์ประกอบของมัลติมีเดีย</span></p>', 'ภาพนิ่ง', 'ภาพเคลื่อนไหว', 'ข้อความ', 'สี', '4', '2018-05-12 16:15:57', '2018-05-12 16:15:57'),
(15, '<p><span style=\"font-weight: 400;\">การแทรกไฟล์วิดีโอลงในหนังสืออิเล็กทรอนิกส์ต้องปฏิบัติตามข้อใด</span></p>', 'เมนู Insert ---> เลือกคำสั่ง Multimedia ---> คลิกปุ่ม Select Multimedia', 'เมนู Insert ---> เลือกคำสั่ง Sound ---> คลิกปุ่ม Select Multimedia', 'เมนู Insert ---> เลือกคำสั่ง Dialog ---> คลิกปุ่ม Select Multimedia', 'เมนู Insert ---> เลือกคำสั่ง Image ---> คลิกปุ่ม Select Multimedia', '1', '2018-05-12 16:16:42', '2018-05-12 16:16:42'),
(16, '<p><span style=\"font-weight: 400;\">ข้อใดเป็นวิธีการแก้ไขข้อความ</span></p>', 'คลิกขวาที่ข้อความเท่านั้น', 'คลิกซ้ายที่ข้อความเท่านั้น', 'ดับเบิ้ลคลิกที่ข้อความ', 'ข้อ ก และ ข้อ ข กล่าวถูกต้อ', '3', '2018-05-12 16:17:20', '2018-05-12 16:17:20'),
(17, '<p><span style=\"font-weight: 400;\">ข้อใดให้ความหมายของคำว่า </span><strong>มัลติมีเดีย</strong><span style=\"font-weight: 400;\"> ได้ถูกต้อง</span></p>', 'การนำสื่อหลากหลายมาผสมผสานเข้าด้วยกัน เช่น ข้อความ รูปภาพ เสียง ภาพเคลื่อนไหว', 'มัลติมีเดียเป็นสื่อหลากหลายนำเสนอแบบออนไลน์ (online) เท่านั้น', 'มัลติมีเดียเป็นสื่อหลากหลายนำเสนอแบบออฟไลน์ (offline) เท่านั้น', 'ข้อ ค และ ข้อ ง กล่าวถูกต้อง', '1', '2018-05-12 16:17:52', '2018-05-12 16:17:52'),
(18, '<p><span style=\"font-weight: 400;\">ข้อใดเป็นนามสกุลของแฟ้มรูปภาพ</span></p>', 'bmp, jpg, wav', 'bmp, jpg, xml', 'bmp, jpg, gif', 'bmp, jpg, mp3', '3', '2018-05-12 16:18:26', '2018-05-12 16:18:26'),
(19, '<p><span style=\"font-weight: 400;\">การเลือกประเภทการเชื่อมโยง (Link) เป็นแบบ Page หมายถึงข้อใด</span></p>', 'เชื่อมโยงไปเว็บไซต์ภายนอก', 'เชื่อมโยงไปยังหน้าปก e-book', 'เชื่อมโยงเพื่อออกจากโปรแกรม', 'เชื่อมโยงภายในหน้าของ e-book โดยระบุเลขหน้า', '4', '2018-05-12 16:19:05', '2018-05-12 16:19:05'),
(20, '<p><span style=\"font-weight: 400;\">ข้อใดกล่าวถูกต้องในการสร้างการเชื่อมโยง</span></p>', 'การเชื่อมโยงเป็นการเชื่อมโยงหน้าสารบัญไปยังหน้าเนื้อหา', 'การเชื่อมโยงในหนังสืออิเล็กทรอนิกส์เพื่อไม่ให้เกิดความผิดพลาด', 'การเชื่อมโยงที่ดีต้องมีการออกแบบการเชื่อมโยงก่อนปฏิบัติจริง', 'ถูกทุกข้อที่กล่าวมา', '4', '2018-05-12 16:19:37', '2018-05-12 16:19:37'),
(21, '<p><span style=\"font-weight: 400;\">ให้เรียงลำดับขั้นตอนการสร้างสารบัญให้ถูกต้อง</span></p>\r\n<ol>\r\n<li><span style=\"font-weight: 400;\"> เลือก Link ---&gt; Link Tpype: Page </span></li>\r\n<li><span style=\"font-weight: 400;\"> พิมพ์ข้อความบอกตำแหน่งหน้า</span></li>\r\n<li><span style=\"font-weight: 400;\"> ป้ายแถบสีข้อความ</span></li>\r\n<li><span style=\"font-weight: 400;\"> เลือก Target ---&gt; ระบุเลขหน้าที่ต้องการ</span></li>\r\n</ol>', '1-2-3-4', '2-1-3-4', '4-3-2-1', '2-3-4-1', '1', '2018-05-12 16:20:13', '2018-05-12 16:20:13'),
(22, '<p><span style=\"font-weight: 400;\">การเลือกประเภทการเชื่อมโยง (Link) เป็นแบบ Link Target หมายถึงข้อใด</span></p>', 'เชื่อมโยงไปเว็บไซต์ภายนอก', 'เชื่อมโยงไปยังหน้าปก e-book', 'เชื่อมโยงเพื่อออกจากโปรแกรม', 'เชื่อมโยงภายในหน้าของ e-book โดยระบุเลขหน้า', '2', '2018-05-12 16:20:48', '2018-05-12 16:20:48'),
(23, '<p><span style=\"font-weight: 400;\">หน้าต่าง Add form objects ในการสร้างข้อสอบมี 2 ส่วน ประกอบไปด้วยอะไรบ้าง</span></p>', 'Question, Answer', 'Question, Tool', 'Answer, View', 'Answer, Tool', '1', '2018-05-12 16:21:24', '2018-05-12 16:21:24'),
(24, '<p><span style=\"font-weight: 400;\">ให้เรียงลำดับขั้นตอนการสร้างปกหลังให้มีคุณสมบัติโปร่งใสให้ถูกต้อง</span></p>\r\n<ol>\r\n<li><span style=\"font-weight: 400;\"> เมนู Insert ---&gt; เลือก Insert Box </span></li>\r\n<li><span style=\"font-weight: 400;\"> เมนู Tools ---&gt; เลือก &nbsp;Box Transparency</span></li>\r\n<li><span style=\"font-weight: 400;\"> สร้างกรอบสี ---&gt; ขยายให้เต็มพื้นที่ด้านขวามือ</span></li>\r\n<li><span style=\"font-weight: 400;\"> With Transparency ---&gt; เลือก Transparent Colour</span></li>\r\n</ol>', '2-4-1-3', '1-2-3-4', '4-2-3-1', '3-2-1-4', '1', '2018-05-12 16:21:56', '2018-05-12 16:21:56'),
(25, '<p><span style=\"font-weight: 400;\">การสร้างแบบทดสอบส่วน Question รายการ Style หมายถึงข้อใด</span></p>', 'คำถามข้อที่', 'ข้อคำถาม', 'การกำหนดฟอนต์', 'ถูกทุกข้อที่กล่าวมา', '3', '2018-05-12 16:22:35', '2018-05-12 16:22:35'),
(26, '<p><span style=\"font-weight: 400;\">การสร้างปุ่มสำหรับการส่งแบบทดสอบเพื่อให้โปรแกรมประมวลผลใช้คำสั่งใด</span></p>', 'Add Submit Button', 'Add Question', 'Add Upload Button', 'Edit Result Page', '1', '2018-05-12 16:23:12', '2018-05-12 16:23:12'),
(27, '<p><span style=\"font-weight: 400;\">การกำหนดชนิของคำตอบส่วน Answer รายการ Correct หมายถึงข้อใด</span></p>', 'ส่วนของคำตอบที่พิมพ์ลงไป', 'กำหนดฟอนต์และสีตัวอักษร', 'กำหนดคำตอบที่ถูกต้อง', 'กำหนดคะแนนให้กับคำตอบรายการนั้น', '3', '2018-05-12 16:23:40', '2018-05-12 16:23:40'),
(28, '<p><span style=\"font-weight: 400;\">ข้อใดคือความหมายของคำว่า </span><strong>Package</strong></p>', 'เรียงลำดับแฟ้ม', 'การแยกประเภทแฟ้ม', 'การสร้างแฟ้มหลาย ๆ ประเภท', 'การบีบอัดแฟ้มรวมเป็นแฟ้มเดียว', '4', '2018-05-12 16:24:15', '2018-05-12 16:24:15'),
(29, '<p><span style=\"font-weight: 400;\">การกำหนดรูปแบบหน้ารายงานผลแบบทดสอบใช้คำสั่งใด</span></p>', 'Add Submit Button', 'Add Question', 'Add Upload Button', 'Edit Result Page', '4', '2018-05-12 16:24:51', '2018-05-12 16:24:51'),
(30, '<p><span style=\"font-weight: 400;\">ขั้นตอนการบีบอัด (Package) ไฟล์หนังสืออิเล็กทรอนิกส์เพื่อเผยแพร่ทางเว็บไซต์ คือข้อใด</span></p>', 'เมนู File ---> เลือก Package DNL', 'เมนู File ---> เลือก Package DRM', 'เมนู File ---> เลือก Package EXE', 'เมนู File ---> เลือก Package SCR', '1', '2018-05-12 16:25:24', '2018-05-12 16:25:24'),
(31, '<p><span style=\"font-weight: 400;\">การบีบอัดไฟล์ (Package) หนังสืออิเล็กทรอนิกส์สามารถนำไปใช้ได้เลย นามสกุลแฟ้มคือข้อใด</span></p>', 'นามสกุล .exe', 'นามสกุล .dnl', 'นามสกุล .swf', 'นามสกุล .src', '1', '2018-05-12 16:26:08', '2018-05-12 16:26:08'),
(32, '<p><span style=\"font-weight: 400;\">การนำแฟ้มงานที่ทำการบีบอัด (Package) ไฟล์เพื่อขึ้นไปไว้ในแม่ข่าย(Server) เรียกว่าอะไร</span></p>', 'Package', 'Download', 'Upload', 'Publish', '3', '2018-05-12 16:26:42', '2018-05-12 16:26:42'),
(33, '<p><span style=\"font-weight: 400;\">การบีบอัดไฟล์ (Package) หนังสืออิเล็กทรอนิกส์เพื่อเผยแพร่บนเว็บเพจ นามสกุลแฟ้มคือข้อใด</span></p>', 'นามสกุล .exe', 'นามสกุล .dnl', 'นามสกุล .swf', 'นามสกุล .src', '2', '2018-05-12 16:27:15', '2018-05-12 16:27:15');

-- --------------------------------------------------------

--
-- Table structure for table `pretests`
--

CREATE TABLE `pretests` (
  `id` int(10) UNSIGNED NOT NULL,
  `question` text COLLATE utf8mb4_unicode_ci,
  `choice1` text COLLATE utf8mb4_unicode_ci,
  `choice2` text COLLATE utf8mb4_unicode_ci,
  `choice3` text COLLATE utf8mb4_unicode_ci,
  `choice4` text COLLATE utf8mb4_unicode_ci,
  `answer` char(191) COLLATE utf8mb4_unicode_ci DEFAULT NULL,
  `user_id` int(10) UNSIGNED DEFAULT NULL,
  `created_at` timestamp NULL DEFAULT NULL,
  `updated_at` timestamp NULL DEFAULT NULL
) ENGINE=InnoDB DEFAULT CHARSET=utf8mb4 COLLATE=utf8mb4_unicode_ci;

--
-- Dumping data for table `pretests`
--

INSERT INTO `pretests` (`id`, `question`, `choice1`, `choice2`, `choice3`, `choice4`, `answer`, `user_id`, `created_at`, `updated_at`) VALUES
(1, '<p><span style=\"font-weight: 400;\">ข้อใดให้ความหมายของหนังสืออิเล็กทรอนิกส์ได้ถูกต้องที่สุด</span></p>', 'หนังสือที่สร้างด้วยโปรแกรมคอมพิวเตอร์ไม่สามารถแทรกภาพและเสียงได้', 'หนังสือที่สร้างด้วยโปรแกรมคอมพิวเตอร์ไม่สามารถแทรกภาพเคลื่อนไหวและวีดีโอได้', 'หนังสือที่สร้างด้วยโปรแกรมคอมพิวเตอร์ประกอบด้วยข้อความ ภาพ เสียง วีดีโอและ     ภาพเคลื่อนไหว', 'หนังสือที่สามารถเปิดอ่านได้ในเครื่องคอมพิวเตอร์เท่านั้น', '3', NULL, '2018-05-08 06:11:57', '2018-05-08 06:11:57'),
(2, '<p><span style=\"font-weight: 400;\">โปรแกรมใดที่นิยมนำมาสร้างหนังสืออิเล็กทรอนิกส์</span></p>', 'โปรแกรม Microsoft Excel', 'โปรแกรม Microsoft Word', 'โปรแกรม Microsoft PowerPoint', 'โปรแกรม Desktop Author', '4', NULL, '2018-05-08 06:49:54', '2018-05-08 06:52:23'),
(3, '<p><span style=\"font-weight: 400;\">โปรแกรม Desktop Author มีแฟ้มนามสกุลตรงกับข้อใด</span></p>', 'นามสกุลไฟล์ .opf', 'นามสกุลไฟล์ .dml', 'นามสกุลไฟล์ .scr', 'นามสกุลไฟล์ .doc', '2', NULL, '2018-05-08 06:54:12', '2018-05-08 06:54:12'),
(6, '<p><span style=\"font-weight: 400;\">ข้อใดต่อไปนี้ไม่จัดอยู่ในโปรแกรมการสร้างหนังสืออิเล็กทรอนิกส์</span></p>', 'โปรแกรม FilpAlbum', 'โปรแกรม Desktop Autho', 'โปรแกรม Flip Flash Album', 'โปรแกรม E-Learning', '4', NULL, '2018-05-12 15:40:05', '2018-05-12 15:40:05'),
(7, '<p><span style=\"font-weight: 400;\">ข้อใดกล่าวไม่ถูกต้อง</span></p>', 'โปรแกรม Flip Viewer ใช้อ่านแฟ้มนามสกุล .opf', 'โปรแกรม DNL Reader ใช้อ่านแฟ้มนามสกุล .dml', 'โปรแกรม Flash Player ใช้อ่านแฟ้มนามสกุล .swf', 'โปรแกรม Microsoft Excel ใช้อ่านแฟ้มนามสกุล .doc', '4', NULL, '2018-05-12 15:41:01', '2018-05-12 15:41:01'),
(8, '<p><span style=\"font-weight: 400;\">การตั้งค่าคุณสมบัติหนังสืออิเล็กทรอนิกส์ ความกว้างและความสูง ควรตั้งค่าอย่างไร</span></p>\r\n<p>&nbsp;</p>', 'ความกว้าง 650 Pixels x ความสูง 700 Pixels', 'ความกว้าง 700 Pixels x ความสูง 750 Pixels', 'ความกว้าง 700 Pixels x ความสูง 440 Pixels', 'ความกว้าง 750 Pixels x ความสูง 550 Pixels', '3', NULL, '2018-05-12 15:41:37', '2018-05-12 15:41:37'),
(9, '<p><span style=\"font-weight: 400;\">การสร้างหนังสือเล่มใหม่ต้องคลิกคำสั่งใด</span></p>', 'Open', 'Save', 'Page', 'New', '4', NULL, '2018-05-12 15:42:16', '2018-05-12 15:42:37'),
(10, '<p><span style=\"font-weight: 400;\">การเพิ่มเส้นแบ่งครึ่งหน้าหนังสือ มีขั้นตอนอย่างไร</span></p>', 'เมนู Tools ---> เลือก Pag', 'เมนู Insert ---> เลือก Image', 'เมนู Buttons ---> เลือก Dividers', 'เมนู Edit ---> เลือก Properties', '3', NULL, '2018-05-12 15:43:09', '2018-05-12 15:43:09'),
(11, '<p><span style=\"font-weight: 400;\">จงเรียงลำดับขั้นตอนการสร้างปกหน้าให้มีคุณสมบัติโปร่งใส</span></p>\r\n<ol>\r\n<li><span style=\"font-weight: 400;\"> เมนู Insert ---&gt; เลือก Insert Box</span></li>\r\n<li><span style=\"font-weight: 400;\"> เมนู Tools ---&gt; เลือก Box Transparency</span></li>\r\n<li><span style=\"font-weight: 400;\"> สร้างกรอบสี ---&gt; ขยายให้เต็มพื้นที่ด้านซ้ายมือ</span></li>\r\n<li><span style=\"font-weight: 400;\"> คลิกเลือก With Transparency ---&gt; เลือก Transparent Colour</span></li>\r\n</ol>', '1-2-3-4', '2-4-1-3', '3-2-1-4', '4-3-2-1', '2', NULL, '2018-05-12 15:43:59', '2018-05-12 15:43:59'),
(12, '<p><span style=\"font-weight: 400;\">ข้อใดคือขั้นตอนในการใช้คำสั่งในแถบเมนูเพิ่มหน้ากระดาษ</span></p>', 'เมนู Insert ---> เลือก Box', 'เมนู Insert ---> เลือก Image', 'เมนู Insert ---> เลือก Page', 'เมนู File ---> เลือก Page', '3', NULL, '2018-05-12 15:44:48', '2018-05-12 15:44:48'),
(13, '<p><span style=\"font-weight: 400;\">ข้อใดให้ความหมายของคำว่า </span><strong>มัลติมีเดีย</strong><span style=\"font-weight: 400;\"> ได้ถูกต้อง</span></p>', 'การนำสื่อหลากหลายมาผสมผสานเข้าด้วยกัน เช่น ข้อความ รูปภาพ เสียง ภาพเคลื่อนไหว', 'มัลติมีเดียเป็นสื่อหลากหลายนำเสนอแบบออนไลน์ (online) เท่านั้น', 'มัลติมีเดียเป็นสื่อหลากหลายนำเสนอแบบออฟไลน์ (offline) เท่านั้น', 'ข้อ ค และ ข้อ ง กล่าวถูกต้อง', '1', NULL, '2018-05-12 15:45:25', '2018-05-12 15:45:25'),
(14, '<p><span style=\"font-weight: 400;\">ข้อใด </span><strong>ไม่ใช่</strong><span style=\"font-weight: 400;\"> องค์ประกอบของมัลติมีเดีย</span></p>', 'ภาพนิ่ง', 'ภาพเคลื่อนไหว', 'ข้อความ', 'สี', '4', NULL, '2018-05-12 15:48:07', '2018-05-12 15:48:07'),
(15, '<p><span style=\"font-weight: 400;\">ข้อใดเป็นวิธีการแก้ไขข้อความ</span></p>', 'คลิกขวาที่ข้อความเท่านั้น', 'คลิกซ้ายที่ข้อความเท่านั้น', 'ดับเบิ้ลคลิกที่ข้อความ', 'ข้อ ก และ ข้อ ข กล่าวถูกต้อง', '3', NULL, '2018-05-12 15:48:46', '2018-05-12 15:48:46'),
(16, '<p><span style=\"font-weight: 400;\">ข้อใดเป็นนามสกุลของแฟ้มรูปภาพ</span></p>', 'bmp, jpg, wav', 'bmp, jpg, xml', 'bmp, jpg, gif', 'bmp, jpg, mp3', '3', NULL, '2018-05-12 15:49:19', '2018-05-12 15:49:19'),
(17, '<p><span style=\"font-weight: 400;\">การแทรกไฟล์วิดีโอลงในหนังสืออิเล็กทรอนิกส์ต้องปฏิบัติตามข้อใด</span></p>', 'เมนู Insert ---> เลือกคำสั่ง Multimedia ---> คลิกปุ่ม Select Multimedia', 'เมนู Insert ---> เลือกคำสั่ง Sound ---> คลิกปุ่ม Select Multimedia', 'เมนู Insert ---> เลือกคำสั่ง Dialog ---> คลิกปุ่ม Select Multimedia', 'เมนู Insert ---> เลือกคำสั่ง Image ---> คลิกปุ่ม Select Multimedia', '1', NULL, '2018-05-12 15:49:53', '2018-05-12 15:49:53'),
(18, '<p><span style=\"font-weight: 400;\">ข้อใดกล่าวถูกต้องในการสร้างการเชื่อมโยง</span></p>', 'การเชื่อมโยงเป็นการเชื่อมโยงหน้าสารบัญไปยังหน้าเนื้อหา', 'การเชื่อมโยงในหนังสืออิเล็กทรอนิกส์เพื่อไม่ให้เกิดความผิดพลาด', 'การเชื่อมโยงที่ดีต้องมีการออกแบบการเชื่อมโยงก่อนปฏิบัติจริง', 'ถูกทุกข้อที่กล่าวมา', '4', NULL, '2018-05-12 15:50:30', '2018-05-12 15:50:30'),
(19, '<p><span style=\"font-weight: 400;\">การเลือกประเภทการเชื่อมโยง (Link) เป็นแบบ Page หมายถึงข้อใด</span></p>', 'เชื่อมโยงไปเว็บไซต์ภายนอก', 'เชื่อมโยงไปยังหน้าปก e-book', 'เชื่อมโยงเพื่อออกจากโปรแกรม', 'เชื่อมโยงภายในหน้าของ e-book โดยระบุเลขหน้า', '4', NULL, '2018-05-12 15:51:06', '2018-05-12 15:51:06'),
(20, '<p><span style=\"font-weight: 400;\">การเลือกประเภทการเชื่อมโยง (Link) เป็นแบบ Link Target หมายถึงข้อใด</span></p>', 'เชื่อมโยงไปเว็บไซต์ภายนอก', 'เชื่อมโยงไปยังหน้าปก e-book', 'เชื่อมโยงเพื่อออกจากโปรแกรม', 'เชื่อมโยงภายในหน้าของ e-book โดยระบุเลขหน้า', '2', NULL, '2018-05-12 15:51:46', '2018-05-12 15:51:46'),
(21, '<p><span style=\"font-weight: 400;\">ให้เรียงลำดับขั้นตอนการสร้างสารบัญให้ถูกต้อง</span></p>\r\n<ol>\r\n<li><span style=\"font-weight: 400;\"> เลือก Link ---&gt; Link Tpype: Page </span></li>\r\n<li><span style=\"font-weight: 400;\"> พิมพ์ข้อความบอกตำแหน่งหน้า</span></li>\r\n<li><span style=\"font-weight: 400;\"> ป้ายแถบสีข้อความ</span></li>\r\n<li><span style=\"font-weight: 400;\"> เลือก Target ---&gt; ระบุเลขหน้าที่ต้องการ</span></li>\r\n</ol>', '1-2-3-4', '2-1-3-4', '4-3-2-1', '2-3-4-1', '1', NULL, '2018-05-12 15:52:57', '2018-05-12 15:52:57'),
(22, '<p><span style=\"font-weight: 400;\">ให้เรียงลำดับขั้นตอนการสร้างปกหลังให้มีคุณสมบัติโปร่งใสให้ถูกต้อง</span></p>\r\n<ol>\r\n<li><span style=\"font-weight: 400;\"> เมนู Insert ---&gt; เลือก Insert Box </span></li>\r\n<li><span style=\"font-weight: 400;\"> เมนู Tools ---&gt; เลือก &nbsp;Box Transparency</span></li>\r\n<li><span style=\"font-weight: 400;\"> สร้างกรอบสี ---&gt; ขยายให้เต็มพื้นที่ด้านขวามือ</span></li>\r\n<li><span style=\"font-weight: 400;\"> With Transparency ---&gt; เลือก Transparent Colour</span></li>\r\n</ol>', '2-4-1-3', '1-2-3-4', '4-2-3-1', '3-2-1-4', '1', NULL, '2018-05-12 15:53:46', '2018-05-12 15:53:46'),
(23, '<p><span style=\"font-weight: 400;\">หน้าต่าง Add form objects ในการสร้างข้อสอบมี 2 ส่วน ประกอบไปด้วยอะไรบ้าง</span></p>', 'Question, Answer', 'Question, Tool', 'Answer, View', 'Answer, Tool', '1', NULL, '2018-05-12 15:54:25', '2018-05-12 15:54:25'),
(24, '<p><span style=\"font-weight: 400;\">การสร้างแบบทดสอบส่วน Question รายการ Style หมายถึงข้อใด</span></p>', 'คำถามข้อที่', 'ข้อคำถาม', 'การกำหนดฟอนต์', 'ถูกทุกข้อที่กล่าวมา', '3', NULL, '2018-05-12 15:55:03', '2018-05-12 15:55:03'),
(25, '<p><span style=\"font-weight: 400;\">การกำหนดชนิของคำตอบส่วน Answer รายการ Correct หมายถึงข้อใด</span></p>', 'ส่วนของคำตอบที่พิมพ์ลงไป', 'กำหนดฟอนต์และสีตัวอักษร', 'กำหนดคำตอบที่ถูกต้อง', 'กำหนดคะแนนให้กับคำตอบรายการนั้น', '3', NULL, '2018-05-12 15:55:48', '2018-05-12 15:55:48'),
(26, '<p><span style=\"font-weight: 400;\">การสร้างปุ่มสำหรับการส่งแบบทดสอบเพื่อให้โปรแกรมประมวลผลใช้คำสั่งใด</span></p>', 'Add Submit Button', 'Add Question', 'Add Upload Button', 'Edit Result Page', '1', NULL, '2018-05-12 15:56:46', '2018-05-12 15:56:46'),
(27, '<p><span style=\"font-weight: 400;\">การกำหนดรูปแบบหน้ารายงานผลแบบทดสอบใช้คำสั่งใด</span></p>', 'Add Submit Button', 'Add Question', 'Add Upload Button', 'Edit Result Page', '4', NULL, '2018-05-12 15:57:19', '2018-05-12 15:57:19'),
(28, '<p><span style=\"font-weight: 400;\">ข้อใดคือความหมายของคำว่า </span><strong>Package</strong></p>', 'เรียงลำดับแฟ้ม', 'การแยกประเภทแฟ้ม', 'การสร้างแฟ้มหลาย ๆ ประเภท', 'การบีบอัดแฟ้มรวมเป็นแฟ้มเดียว', '4', NULL, '2018-05-12 15:57:53', '2018-05-12 15:57:53'),
(29, '<p><span style=\"font-weight: 400;\">การบีบอัดไฟล์ (Package) หนังสืออิเล็กทรอนิกส์สามารถนำไปใช้ได้เลย นามสกุลแฟ้มคือข้อใด</span></p>', 'นามสกุล .exe', 'นามสกุล .dnl', 'นามสกุล .swf', 'นามสกุล .src', '1', NULL, '2018-05-12 15:58:25', '2018-05-12 15:58:25'),
(30, '<p><span style=\"font-weight: 400;\">การบีบอัดไฟล์ (Package) หนังสืออิเล็กทรอนิกส์เพื่อเผยแพร่บนเว็บเพจ นามสกุลแฟ้มคือข้อใด</span></p>', 'นามสกุล .exe', 'นามสกุล .dnl', 'นามสกุล .swf', 'นามสกุล .src', '2', NULL, '2018-05-12 15:59:01', '2018-05-12 15:59:01'),
(31, '<p><span style=\"font-weight: 400;\">ขั้นตอนการบีบอัด (Package) ไฟล์หนังสืออิเล็กทรอนิกส์เพื่อเผยแพร่ทางเว็บไซต์ คือข้อใด</span></p>', 'เมนู File ---> เลือก Package DNL', 'เมนู File ---> เลือก Package DRM', 'เมนู File ---> เลือก Package EXE', 'เมนู File ---> เลือก Package SCR', '1', NULL, '2018-05-12 15:59:44', '2018-05-12 15:59:44'),
(32, '<p><span style=\"font-weight: 400;\">การนำแฟ้มงานที่ทำการบีบอัด (Package) ไฟล์เพื่อขึ้นไปไว้ในแม่ข่าย(Server) เรียกว่าอะไร</span></p>', 'Package', 'Download', 'Upload', 'Publish', '3', NULL, '2018-05-12 16:00:10', '2018-05-12 16:00:10');

-- --------------------------------------------------------

--
-- Table structure for table `result_posttest`
--

CREATE TABLE `result_posttest` (
  `id` int(10) UNSIGNED NOT NULL,
  `choice` int(11) DEFAULT NULL,
  `posttest_id` int(11) DEFAULT NULL,
  `user_id` int(10) UNSIGNED DEFAULT NULL,
  `created_at` timestamp NULL DEFAULT NULL,
  `updated_at` timestamp NULL DEFAULT NULL
) ENGINE=InnoDB DEFAULT CHARSET=utf8mb4 COLLATE=utf8mb4_unicode_ci;

--
-- Dumping data for table `result_posttest`
--

INSERT INTO `result_posttest` (`id`, `choice`, `posttest_id`, `user_id`, `created_at`, `updated_at`) VALUES
(1, 3, 1, 1, '2018-05-13 05:59:38', '2018-05-13 05:59:38'),
(2, 4, 2, 1, '2018-05-13 05:59:38', '2018-05-13 05:59:38'),
(3, 2, 3, 1, '2018-05-13 05:59:38', '2018-05-13 05:59:38'),
(4, 4, 4, 1, '2018-05-13 05:59:38', '2018-05-13 05:59:38'),
(5, 4, 5, 1, '2018-05-13 05:59:38', '2018-05-13 05:59:38'),
(6, 4, 6, 1, '2018-05-13 05:59:38', '2018-05-13 05:59:38'),
(7, 4, 7, 1, '2018-05-13 05:59:38', '2018-05-13 05:59:38'),
(8, 4, 8, 1, '2018-05-13 05:59:38', '2018-05-13 05:59:38'),
(9, 2, 9, 1, '2018-05-13 05:59:38', '2018-05-13 05:59:38'),
(10, 2, 10, 1, '2018-05-13 05:59:38', '2018-05-13 05:59:38'),
(11, 2, 11, 1, '2018-05-13 05:59:38', '2018-05-13 05:59:38'),
(12, 3, 12, 1, '2018-05-13 05:59:38', '2018-05-13 05:59:38'),
(13, 4, 13, 1, '2018-05-13 05:59:38', '2018-05-13 05:59:38'),
(14, 1, 14, 1, '2018-05-13 05:59:38', '2018-05-13 05:59:38'),
(15, 4, 15, 1, '2018-05-13 05:59:38', '2018-05-13 05:59:38'),
(16, 1, 16, 1, '2018-05-13 05:59:38', '2018-05-13 05:59:38'),
(17, 2, 17, 1, '2018-05-13 05:59:38', '2018-05-13 05:59:38'),
(18, 4, 18, 1, '2018-05-13 05:59:38', '2018-05-13 05:59:38'),
(19, 1, 19, 1, '2018-05-13 05:59:38', '2018-05-13 05:59:38'),
(20, 3, 20, 1, '2018-05-13 05:59:38', '2018-05-13 05:59:38'),
(21, 4, 21, 1, '2018-05-13 05:59:38', '2018-05-13 05:59:38'),
(22, 3, 22, 1, '2018-05-13 05:59:38', '2018-05-13 05:59:38'),
(23, 3, 23, 1, '2018-05-13 05:59:38', '2018-05-13 05:59:38'),
(24, 1, 24, 1, '2018-05-13 05:59:38', '2018-05-13 05:59:38'),
(25, 4, 25, 1, '2018-05-13 05:59:38', '2018-05-13 05:59:38'),
(26, 1, 26, 1, '2018-05-13 05:59:38', '2018-05-13 05:59:38'),
(27, 2, 27, 1, '2018-05-13 05:59:38', '2018-05-13 05:59:38'),
(28, 4, 28, 1, '2018-05-13 05:59:38', '2018-05-13 05:59:38'),
(29, 1, 29, 1, '2018-05-13 05:59:38', '2018-05-13 05:59:38'),
(30, 2, 30, 1, '2018-05-13 05:59:38', '2018-05-13 05:59:38'),
(31, 1, 21, 1, '2018-05-13 06:02:22', '2018-05-13 06:02:22'),
(32, 4, 1, 1, '2018-05-13 06:07:56', '2018-05-13 06:07:56'),
(33, 4, 1, 1, '2018-05-13 06:08:16', '2018-05-13 06:08:16');

-- --------------------------------------------------------

--
-- Table structure for table `result_pretest`
--

CREATE TABLE `result_pretest` (
  `id` int(10) UNSIGNED NOT NULL,
  `choice` int(11) DEFAULT NULL,
  `pretest_id` int(11) DEFAULT NULL,
  `user_id` int(10) UNSIGNED DEFAULT NULL,
  `created_at` timestamp NULL DEFAULT NULL,
  `updated_at` timestamp NULL DEFAULT NULL
) ENGINE=InnoDB DEFAULT CHARSET=utf8mb4 COLLATE=utf8mb4_unicode_ci;

--
-- Dumping data for table `result_pretest`
--

INSERT INTO `result_pretest` (`id`, `choice`, `pretest_id`, `user_id`, `created_at`, `updated_at`) VALUES
(1, 1, 1, 1, '2018-05-13 05:58:43', '2018-05-13 05:58:43'),
(2, 1, 2, 1, '2018-05-13 05:58:43', '2018-05-13 05:58:43'),
(3, 1, 3, 1, '2018-05-13 05:58:43', '2018-05-13 05:58:43'),
(4, 4, 4, 1, '2018-05-13 05:58:43', '2018-05-13 05:58:43'),
(5, 1, 5, 1, '2018-05-13 05:58:43', '2018-05-13 05:58:43'),
(6, 1, 6, 1, '2018-05-13 05:58:43', '2018-05-13 05:58:43'),
(7, 1, 7, 1, '2018-05-13 05:58:43', '2018-05-13 05:58:43'),
(8, 1, 8, 1, '2018-05-13 05:58:43', '2018-05-13 05:58:43'),
(9, 4, 9, 1, '2018-05-13 05:58:43', '2018-05-13 05:58:43'),
(10, 1, 10, 1, '2018-05-13 05:58:43', '2018-05-13 05:58:43'),
(11, 3, 11, 1, '2018-05-13 05:58:43', '2018-05-13 05:58:43'),
(12, 1, 12, 1, '2018-05-13 05:58:43', '2018-05-13 05:58:43'),
(13, 4, 13, 1, '2018-05-13 05:58:43', '2018-05-13 05:58:43'),
(14, 4, 14, 1, '2018-05-13 05:58:43', '2018-05-13 05:58:43'),
(15, 4, 15, 1, '2018-05-13 05:58:43', '2018-05-13 05:58:43'),
(16, 3, 16, 1, '2018-05-13 05:58:43', '2018-05-13 05:58:43'),
(17, 2, 17, 1, '2018-05-13 05:58:43', '2018-05-13 05:58:43'),
(18, 3, 18, 1, '2018-05-13 05:58:43', '2018-05-13 05:58:43'),
(19, 1, 19, 1, '2018-05-13 05:58:43', '2018-05-13 05:58:43'),
(20, 2, 20, 1, '2018-05-13 05:58:43', '2018-05-13 05:58:43'),
(21, 2, 21, 1, '2018-05-13 05:58:43', '2018-05-13 05:58:43'),
(22, 3, 22, 1, '2018-05-13 05:58:43', '2018-05-13 05:58:43'),
(23, 3, 23, 1, '2018-05-13 05:58:43', '2018-05-13 05:58:43'),
(24, 1, 24, 1, '2018-05-13 05:58:43', '2018-05-13 05:58:43'),
(25, 4, 25, 1, '2018-05-13 05:58:43', '2018-05-13 05:58:43'),
(26, 1, 26, 1, '2018-05-13 05:58:43', '2018-05-13 05:58:43'),
(27, 1, 27, 1, '2018-05-13 05:58:43', '2018-05-13 05:58:43'),
(28, 1, 28, 1, '2018-05-13 05:58:43', '2018-05-13 05:58:43'),
(29, 4, 29, 1, '2018-05-13 05:58:43', '2018-05-13 05:58:43'),
(30, 4, 30, 1, '2018-05-13 05:58:43', '2018-05-13 05:58:43'),
(31, 1, 1, 1, '2018-05-13 06:08:29', '2018-05-13 06:08:29'),
(32, 3, 1, 1, '2018-05-13 11:22:51', '2018-05-13 11:22:51'),
(33, 3, 2, 1, '2018-05-13 11:22:51', '2018-05-13 11:22:51'),
(34, 4, 3, 1, '2018-05-13 11:22:51', '2018-05-13 11:22:51'),
(35, 4, 4, 1, '2018-05-13 11:22:51', '2018-05-13 11:22:51'),
(36, 1, 5, 1, '2018-05-13 11:22:51', '2018-05-13 11:22:51'),
(37, 2, 6, 1, '2018-05-13 11:22:51', '2018-05-13 11:22:51'),
(38, 1, 7, 1, '2018-05-13 11:22:51', '2018-05-13 11:22:51'),
(39, 1, 8, 1, '2018-05-13 11:22:51', '2018-05-13 11:22:51'),
(40, 1, 9, 1, '2018-05-13 11:22:51', '2018-05-13 11:22:51'),
(41, 1, 10, 1, '2018-05-13 11:22:51', '2018-05-13 11:22:51'),
(42, 1, 11, 1, '2018-05-13 11:22:51', '2018-05-13 11:22:51'),
(43, 3, 12, 1, '2018-05-13 11:22:51', '2018-05-13 11:22:51'),
(44, 3, 13, 1, '2018-05-13 11:22:51', '2018-05-13 11:22:51'),
(45, 4, 14, 1, '2018-05-13 11:22:51', '2018-05-13 11:22:51'),
(46, 2, 15, 1, '2018-05-13 11:22:51', '2018-05-13 11:22:51'),
(47, 2, 16, 1, '2018-05-13 11:22:51', '2018-05-13 11:22:51'),
(48, 3, 17, 1, '2018-05-13 11:22:51', '2018-05-13 11:22:51'),
(49, 1, 18, 1, '2018-05-13 11:22:51', '2018-05-13 11:22:51'),
(50, 1, 19, 1, '2018-05-13 11:22:51', '2018-05-13 11:22:51'),
(51, 4, 20, 1, '2018-05-13 11:22:51', '2018-05-13 11:22:51'),
(52, 3, 21, 1, '2018-05-13 11:22:51', '2018-05-13 11:22:51'),
(53, 2, 30, 1, '2018-05-13 11:22:51', '2018-05-13 11:22:51');

-- --------------------------------------------------------

--
-- Table structure for table `result_test`
--

CREATE TABLE `result_test` (
  `id` int(10) UNSIGNED NOT NULL,
  `choice` int(11) DEFAULT NULL,
  `test_id` int(11) DEFAULT NULL,
  `unit_id` int(11) DEFAULT NULL,
  `user_id` int(10) UNSIGNED DEFAULT NULL,
  `created_at` timestamp NULL DEFAULT NULL,
  `updated_at` timestamp NULL DEFAULT NULL
) ENGINE=InnoDB DEFAULT CHARSET=utf8mb4 COLLATE=utf8mb4_unicode_ci;

--
-- Dumping data for table `result_test`
--

INSERT INTO `result_test` (`id`, `choice`, `test_id`, `unit_id`, `user_id`, `created_at`, `updated_at`) VALUES
(9, 4, 1, 1, 1, '2018-05-13 06:37:22', '2018-05-13 06:37:22'),
(10, 4, 2, 1, 1, '2018-05-13 06:37:22', '2018-05-13 06:37:22'),
(11, 1, 3, 1, 1, '2018-05-13 06:37:22', '2018-05-13 06:37:22'),
(12, 3, 4, 1, 1, '2018-05-13 06:37:22', '2018-05-13 06:37:22'),
(13, 4, 5, 1, 1, '2018-05-13 06:37:22', '2018-05-13 06:37:22'),
(14, 4, 6, 1, 1, '2018-05-13 06:37:22', '2018-05-13 06:37:22'),
(15, 4, 7, 1, 1, '2018-05-13 06:37:22', '2018-05-13 06:37:22'),
(16, 4, 8, 1, 1, '2018-05-13 06:37:22', '2018-05-13 06:37:22'),
(17, 1, 1, 1, 1, '2018-05-13 11:22:10', '2018-05-13 11:22:10'),
(18, 1, 2, 1, 1, '2018-05-13 11:22:10', '2018-05-13 11:22:10'),
(19, 2, 3, 1, 1, '2018-05-13 11:22:10', '2018-05-13 11:22:10'),
(20, 2, 4, 1, 1, '2018-05-13 11:22:10', '2018-05-13 11:22:10'),
(21, 2, 5, 1, 1, '2018-05-13 11:22:10', '2018-05-13 11:22:10'),
(22, 3, 6, 1, 1, '2018-05-13 11:22:10', '2018-05-13 11:22:10'),
(23, 4, 7, 1, 1, '2018-05-13 11:22:10', '2018-05-13 11:22:10'),
(24, 2, 8, 1, 1, '2018-05-13 11:22:10', '2018-05-13 11:22:10'),
(25, 1, 1, 2, 1, '2018-05-13 11:24:45', '2018-05-13 11:24:45'),
(26, 4, 2, 2, 1, '2018-05-13 11:24:45', '2018-05-13 11:24:45'),
(27, 1, 3, 2, 1, '2018-05-13 11:24:45', '2018-05-13 11:24:45'),
(28, 2, 4, 2, 1, '2018-05-13 11:24:45', '2018-05-13 11:24:45'),
(29, 4, 5, 2, 1, '2018-05-13 11:24:45', '2018-05-13 11:24:45'),
(30, 4, 6, 2, 1, '2018-05-13 11:24:45', '2018-05-13 11:24:45'),
(31, 1, 7, 2, 1, '2018-05-13 11:24:45', '2018-05-13 11:24:45'),
(32, 1, 8, 2, 1, '2018-05-13 11:24:45', '2018-05-13 11:24:45'),
(33, 3, 9, 2, 1, '2018-05-13 11:24:45', '2018-05-13 11:24:45'),
(34, 2, 10, 2, 1, '2018-05-13 11:24:45', '2018-05-13 11:24:45'),
(35, 4, 11, 2, 1, '2018-05-13 11:24:45', '2018-05-13 11:24:45'),
(36, 3, 12, 2, 1, '2018-05-13 11:24:45', '2018-05-13 11:24:45');

-- --------------------------------------------------------

--
-- Table structure for table `score`
--

CREATE TABLE `score` (
  `id` int(10) UNSIGNED NOT NULL,
  `question_name` varchar(191) COLLATE utf8mb4_unicode_ci DEFAULT NULL,
  `total` int(11) DEFAULT NULL,
  `status` varchar(191) COLLATE utf8mb4_unicode_ci DEFAULT NULL,
  `user_id` int(10) UNSIGNED DEFAULT NULL,
  `created_at` timestamp NULL DEFAULT NULL,
  `updated_at` timestamp NULL DEFAULT NULL
) ENGINE=InnoDB DEFAULT CHARSET=utf8mb4 COLLATE=utf8mb4_unicode_ci;

--
-- Dumping data for table `score`
--

INSERT INTO `score` (`id`, `question_name`, `total`, `status`, `user_id`, `created_at`, `updated_at`) VALUES
(8, 'pretests', 5, NULL, 1, '2018-05-13 05:58:43', '2018-05-13 05:58:43'),
(9, 'posttests', 7, NULL, 1, '2018-05-13 05:59:38', '2018-05-13 05:59:38'),
(10, 'posttests', 8, NULL, 1, '2018-05-13 06:02:23', '2018-05-13 06:02:23'),
(11, 'posttests', 8, NULL, 1, '2018-05-13 06:07:56', '2018-05-13 06:07:56'),
(12, 'posttests', 8, NULL, 1, '2018-05-13 06:08:16', '2018-05-13 06:08:16'),
(13, 'pretests', 5, NULL, 1, '2018-05-13 06:08:29', '2018-05-13 06:08:29'),
(14, 'Unit_1', 0, NULL, 1, '2018-05-13 06:37:22', '2018-05-13 06:37:22'),
(15, 'Unit_1', 0, NULL, 1, '2018-05-13 11:22:10', '2018-05-13 11:22:10'),
(16, 'pretests', 9, NULL, 1, '2018-05-13 11:22:51', '2018-05-13 11:22:51'),
(17, 'Unit_2', 0, NULL, 1, '2018-05-13 11:24:45', '2018-05-13 11:24:45');

-- --------------------------------------------------------

--
-- Table structure for table `submenu`
--

CREATE TABLE `submenu` (
  `id` int(10) UNSIGNED NOT NULL,
  `name` varchar(191) COLLATE utf8mb4_unicode_ci DEFAULT NULL,
  `description` text COLLATE utf8mb4_unicode_ci,
  `filename` varchar(255) COLLATE utf8mb4_unicode_ci DEFAULT NULL,
  `menu_id` int(10) UNSIGNED DEFAULT NULL,
  `created_at` timestamp NULL DEFAULT NULL,
  `updated_at` timestamp NULL DEFAULT NULL
) ENGINE=InnoDB DEFAULT CHARSET=utf8mb4 COLLATE=utf8mb4_unicode_ci;

--
-- Dumping data for table `submenu`
--

INSERT INTO `submenu` (`id`, `name`, `description`, `filename`, `menu_id`, `created_at`, `updated_at`) VALUES
(5, 'ข้อมูลส่วนตัว', '<p><strong><img style=\"display: block; margin-left: auto; margin-right: auto;\" src=\"/webda/public/photos/1/Screen Shot 2018-05-13 at 11.08.43 AM.png\" alt=\"\" width=\"219\" height=\"287\" /></strong></p>\r\n<h3><strong>ข้าพเจ้า</strong><span style=\"font-weight: 400;\"> &nbsp;</span> <span style=\"font-weight: 400;\">นางสุภัชรา &nbsp;โตแย้มบุญฤทธิ์ &nbsp;</span><strong><br /></strong><strong>เกิดเมื่อวันที่</strong> <span style=\"font-weight: 400;\">๙ &nbsp;มีนาคม &nbsp;๒๕๑๙</span> <strong><br /></strong><strong>อายุ</strong> <strong>&nbsp;&nbsp;&nbsp;</strong> <span style=\"font-weight: 400;\">๔๑</span> <span style=\"font-weight: 400;\">&nbsp;ปี </span><strong><br /></strong><strong>วุฒิการศึกษา</strong><span style=\"font-weight: 400;\"> &nbsp;</span> <span style=\"font-weight: 400;\">ปริญญาโท ครุศาสตรมหาบัณฑิต (คม.)&nbsp;</span><span style=\"font-weight: 400;\">สาขา เทคโนโลยีและสื่อสารการศึกษา</span></h3>\r\n<h3><strong>ปัจจุบันตำแหน่ง</strong> <span style=\"font-weight: 400;\">ครู ชำนาญการ &nbsp;</span><span style=\"font-weight: 400;\"><br /></span><strong>ขั้นเงินเดือน</strong><span style=\"font-weight: 400;\"> &nbsp;</span> <span style=\"font-weight: 400;\">๓๐,๘๕๐ &nbsp;บาท </span><span style=\"font-weight: 400;\"><br /></span><strong>อายุราชการ</strong> <span style=\"font-weight: 400;\">๑๖ &nbsp;ปี ๖ &nbsp;&nbsp;เดือน</span></h3>\r\n<h2><strong>ข้อมูลการมาปฏิบัติราชการ</strong></h2>\r\n<p><strong><img src=\"/webda/public/photos/1/Screen Shot 2018-05-13 at 11.11.25 AM.png\" alt=\"\" width=\"747\" height=\"334\" /></strong></p>\r\n<p>&nbsp;</p>', NULL, 3, '2018-05-11 08:51:10', '2018-05-13 04:13:18'),
(8, 'สรุปผลการปฏิบัติงานโดยย่อ', NULL, NULL, 3, '2018-05-11 08:51:41', '2018-05-11 08:51:41'),
(9, 'การพัฒนาตนเอง', '<p>d</p>', NULL, 3, '2018-05-11 08:52:04', '2018-05-12 06:31:57'),
(10, 'เกียรติบัตร', NULL, NULL, 3, '2018-05-11 08:52:14', '2018-05-11 08:52:14'),
(13, 'แนะนำโปรแกรม Desktop Author', NULL, 'PDF_2018-05-12152611689985174.pdf', 4, '2018-05-12 08:26:31', '2018-05-12 09:21:39'),
(14, 'การสร้างหนังสืออิเล็กทรอนิกส์', NULL, 'PDF_2018-05-12152611691144763.pdf', 4, '2018-05-12 09:20:39', '2018-05-12 09:21:51'),
(15, 'ข้อความและมัลติมีเดีย', NULL, 'PDF_2018-05-12152611691828031.pdf', 4, '2018-05-12 09:20:50', '2018-05-12 09:21:58'),
(16, 'ปุ่มและการเชื่อมโยง', NULL, 'PDF_2018-05-12152611692597610.pdf', 4, '2018-05-12 09:20:59', '2018-05-12 09:22:05'),
(17, 'การสร้างแบบทดสอบ', NULL, 'PDF_2018-05-12152611693268279.pdf', 4, '2018-05-12 09:21:12', '2018-05-12 09:22:12'),
(18, 'การบีบอัดไฟล์', NULL, 'PDF_2018-05-12152611693966720.pdf', 4, '2018-05-12 09:21:23', '2018-05-12 09:22:19');

-- --------------------------------------------------------

--
-- Table structure for table `tests`
--

CREATE TABLE `tests` (
  `id` int(10) UNSIGNED NOT NULL,
  `question` text COLLATE utf8mb4_unicode_ci,
  `choice1` text COLLATE utf8mb4_unicode_ci,
  `choice2` text COLLATE utf8mb4_unicode_ci,
  `choice3` text COLLATE utf8mb4_unicode_ci,
  `choice4` text COLLATE utf8mb4_unicode_ci,
  `answer` char(191) COLLATE utf8mb4_unicode_ci DEFAULT NULL,
  `unit_id` int(10) UNSIGNED NOT NULL,
  `created_at` timestamp NULL DEFAULT NULL,
  `updated_at` timestamp NULL DEFAULT NULL
) ENGINE=InnoDB DEFAULT CHARSET=utf8mb4 COLLATE=utf8mb4_unicode_ci;

--
-- Dumping data for table `tests`
--

INSERT INTO `tests` (`id`, `question`, `choice1`, `choice2`, `choice3`, `choice4`, `answer`, `unit_id`, `created_at`, `updated_at`) VALUES
(8, '<p><span style=\"font-weight: 400;\">ข้อใดให้ความหมายของหนังสืออิเล็กทรอนิกส์ได้ถูกต้องที่สุด</span></p>', 'หนังสือที่สร้างด้วยโปรแกรมคอมพิวเตอร์ไม่สามารถแทรกภาพและเสียงได้', 'หนังสือที่สร้างด้วยโปรแกรมคอมพิวเตอร์ไม่สามารถแทรกภาพเคลื่อนไหวและวีดีโอได้', 'หนังสือที่สร้างด้วยโปรแกรมคอมพิวเตอร์ประกอบด้วยข้อความ ภาพ เสียง วีดีโอและ     ภาพเคลื่อนไหว', 'หนังสือที่สามารถเปิดอ่านได้ในเครื่องคอมพิวเตอร์เท่านั้น', '3', 1, '2018-05-09 05:01:47', '2018-05-09 05:01:47'),
(9, '<p><span style=\"font-weight: 400;\">ข้อใดกล่าวถึงคุณสมบัติของโปรแกรม Desktop Author ได้ถูกต้องที่สุด</span></p>', 'ผลงานมีขนาดเล็กแสดงผลได้ในแบบออนไลน์(online) และออฟไลน์(offline)', 'สามารถใช้งานได้ในเครื่องคอมพิวเตอร์แบบตั้งโต๊ะเท่านั้น', 'สามารถรับส่งไฟล์ผ่านจดหมายอิเล็กทรอนิกส์(E-mail) เท่านั้น', 'สามารถเผยแพร่ผลงานผ่านเครือข่ายอินเทอร์เน็ตเท่านั้น', '1', 1, '2018-05-09 05:04:14', '2018-05-09 05:04:14'),
(11, '<p><span style=\"font-weight: 400;\">โปรแกรมใดที่นิยมนำมาสร้างหนังสืออิเล็กทรอนิกส์</span></p>', 'โปรแกรม Microsoft Excel', 'โปรแกรม Microsoft Word', 'โปรแกรม Microsoft PowerPoint', 'โปรแกรม Desktop Author', '4', 1, '2018-05-13 03:21:16', '2018-05-13 03:21:16'),
(12, '<p><span style=\"font-weight: 400;\">ข้อใดเป็นขั้นตอนการเรียกใช้โปรแกรม Desktop Author5.6.1</span></p>', 'Start --> Programs --> Desktop Author --> Desktop Author5.6.1', 'Start --> Programs --> Desktop Author5.6.1 --> Desktop Author', 'Start --> Programs --> Desktop Author', 'Programs --> Start --> Desktop Author', '1', 1, '2018-05-13 03:21:51', '2018-05-13 03:21:51'),
(13, '<p><span style=\"font-weight: 400;\">โปรแกรม Desktop Author มีแฟ้มนามสกุลตรงกับข้อใด</span></p>', 'นามสกุลไฟล์ .opf', 'นามสกุลไฟล์ .dml', 'นามสกุลไฟล์ .scr', 'นามสกุลไฟล์ .doc', '2', 1, '2018-05-13 03:22:31', '2018-05-13 03:22:31'),
(14, '<p><span style=\"font-weight: 400;\">e-Book ย่อมาจากคำในภาษาอังกฤษในข้อใด</span></p>', 'Electronic Book', 'E-learning Book', 'Learning Book', 'Electronic e-Book', '1', 1, '2018-05-13 03:23:05', '2018-05-13 03:23:05'),
(15, '<p><span style=\"font-weight: 400;\">ข้อใดต่อไปนี้ไม่จัดอยู่ในโปรแกรมการสร้างหนังสืออิเล็กทรอนิกส์</span></p>', 'โปรแกรม FilpAlbum', 'โปรแกรม Desktop Author', 'โปรแกรม Flip Flash Album', 'โปรแกรม E-Learning', '4', 1, '2018-05-13 03:23:42', '2018-05-13 03:23:42'),
(16, '<p><span style=\"font-weight: 400;\">ข้อใดกล่าวไม่ถูกต้อง</span></p>', 'โปรแกรม Flip Viewer ใช้อ่านแฟ้มนามสกุล .opf', 'โปรแกรม DNL Reader ใช้อ่านแฟ้มนามสกุล .dml', 'โปรแกรม Flash Player ใช้อ่านแฟ้มนามสกุล .swf', 'โปรแกรม Microsoft Excel ใช้อ่านแฟ้มนามสกุล .doc', '4', 1, '2018-05-13 03:24:16', '2018-05-13 03:24:16'),
(17, '<p><span style=\"font-weight: 400;\">การตั้งค่าคุณสมบัติหนังสืออิเล็กทรอนิกส์ ความกว้างและความสูง ควรตั้งค่าอย่างไร</span></p>', 'ความกว้าง 650 Pixels x ความสูง 700 Pixels', 'ความกว้าง 700 Pixels x ความสูง 750 Pixels', 'ความกว้าง 700 Pixels x ความสูง 440 Pixels', 'ความกว้าง 750 Pixels x ความสูง 550 Pixels', '3', 2, '2018-05-13 03:25:08', '2018-05-13 03:25:08'),
(18, '<p><span style=\"font-weight: 400;\">การกำหนด Border Colour คือการกำหนดส่วนใดของหนังสืออิเล็กทรอนิกส์</span></p>', 'การกำหนดสีขอบหนังสืออิเล็กทรอนิกส์', 'การกำหนดสีหน้าปกหนังสืออิเล็กทรอนิกส์', 'การกำหนดสีหน้ากระดาษ', 'การกำหนดสีปกหลังหนังสืออิเล็กทรอนิกส์', '1', 2, '2018-05-13 03:25:44', '2018-05-13 03:25:44'),
(19, '<p><span style=\"font-weight: 400;\">การกำหนด Character Set คือการกำหนดส่วนใดของหนังสืออิเล็กทรอนิกส์ </span></p>', 'การกำหนดภาษาที่ใช้สร้างหนังสืออิเล็กทรอนิกส์', 'การกำหนดข้อความที่ใช้สร้างหนังสืออิเล็กทรอนิกส์', 'การกำหนดความห่างของข้อความในหนังสืออิเล็กทรอนิกส์', 'การกำหนดรูปแบบตัวอักษรในหนังสืออิเล็กทรอนิกส์', '1', 2, '2018-05-13 03:26:12', '2018-05-13 03:26:12'),
(20, '<p><span style=\"font-weight: 400;\">การสร้างหนังสือเล่มใหม่ต้องคลิกคำสั่งใด </span></p>', 'Open', 'Save', 'Page', 'New', '4', 2, '2018-05-13 03:26:35', '2018-05-13 03:26:35'),
(21, '<p><span style=\"font-weight: 400;\">การเปิดไฟล์หนังสือเดิมต้องคลิกคำสั่งใด</span></p>', 'Open', 'Save', 'Page', 'New', '1', 2, '2018-05-13 03:27:02', '2018-05-13 03:27:02'),
(22, '<p><span style=\"font-weight: 400;\">การบันทึกหนังสือต้องคลิกคำสั่งใด</span></p>', 'Open', 'Save', 'Page', 'New', '2', 2, '2018-05-13 03:27:22', '2018-05-13 03:27:22'),
(23, '<p><span style=\"font-weight: 400;\">ข้อใด </span><strong>ไม่ใช่</strong><span style=\"font-weight: 400;\"> การกำหนดคุณสมบัติการสร้างหนังสืออิเล็กทรอนิกส์</span></p>', 'การกำหนด Width(ความกว้าง) Height(ความสูง)', 'การกำหนด Mask Colour เลือกสีที่ใช้สำหรับการทำรูปให้โปร่งใส่', 'การกำหนด Character Set การเลือกภาษาที่ใช้', 'การบันทึก(Save) หนังสืออิเล็กทรอนิกส์เมื่อสร้างเสร็จ', '4', 2, '2018-05-13 03:27:52', '2018-05-13 03:27:52'),
(24, '<p><span style=\"font-weight: 400;\">การเพิ่มเส้นแบ่งครึ่งหน้าหนังสือ มีขั้นตอนอย่างไร</span></p>', 'เมนู Tools ---> เลือก Page', 'เมนู Insert ---> เลือก Image', 'เมนู Buttons ---> เลือก Dividers', 'เมนู Edit ---> เลือก Properties', '3', 2, '2018-05-13 03:28:22', '2018-05-13 03:28:22'),
(25, '<p><span style=\"font-weight: 400;\">การกำหนดจุดเส้นแบ่งครึ่งหนังสือควรกำหนดตำแหน่งเท่าไร</span></p>', '350', '400', '450', '500', '1', 2, '2018-05-13 03:28:52', '2018-05-13 03:28:52'),
(26, '<p><span style=\"font-weight: 400;\">จงเรียงลำดับขั้นตอนการสร้างปกหน้าให้มีคุณสมบัติโปร่งใส</span></p>\r\n<ol>\r\n<li><span style=\"font-weight: 400;\"> เมนู Insert ---&gt; เลือก Insert Box</span></li>\r\n<li><span style=\"font-weight: 400;\"> เมนู Tools ---&gt; เลือก Box Transparency</span></li>\r\n<li><span style=\"font-weight: 400;\"> สร้างกรอบสี ---&gt; ขยายให้เต็มพื้นที่ด้านซ้ายมือ</span></li>\r\n<li><span style=\"font-weight: 400;\"> คลิกเลือก With Transparency ---&gt; เลือก Transparent Colour</span></li>\r\n</ol>', '1-2-3-4', '2-4-1-3', '3-2-1-4', '4-3-2-1', '2', 2, '2018-05-13 03:29:24', '2018-05-13 03:29:24'),
(27, '<p><span style=\"font-weight: 400;\">ข้อใดคือขั้นตอนในการใช้คำสั่งในแถบเมนูเพิ่มหน้ากระดาษ</span></p>', 'เมนู Insert ---> เลือก Box', 'เมนู Insert ---> เลือก Image', 'เมนู Insert ---> เลือก Page', 'เมนู File ---> เลือก Page', '3', 2, '2018-05-13 03:30:00', '2018-05-13 03:30:00'),
(28, '<p><span style=\"font-weight: 400;\">ข้อใดคือขั้นตอนการใส่สีให้กับหน้ากระดาษเพียงหนึ่งหน้า</span></p>', 'เมนู Insert ---> Insert image ---> Sent to Bottom', 'เมนู Insert ---> Insert Box ---> Sent to Bottom', 'เมนู Tools ---> Insert Box ---> Sent to Bottom', 'เมนู Tools ---> Insert image ---> Sent to Bottom', '2', 2, '2018-05-13 03:30:34', '2018-05-13 03:30:34'),
(29, '<p><span style=\"font-weight: 400;\">ข้อใดให้ความหมายของคำว่า </span><strong>มัลติมีเดีย</strong><span style=\"font-weight: 400;\"> ได้ถูกต้อง</span></p>', 'การนำสื่อหลากหลายมาผสมผสานเข้าด้วยกัน เช่น ข้อความ รูปภาพ เสียง ภาพเคลื่อนไหว', 'มัลติมีเดียเป็นสื่อหลากหลายนำเสนอแบบออนไลน์ (online) เท่านั้น', 'มัลติมีเดียเป็นสื่อหลากหลายนำเสนอแบบออฟไลน์ (offline) เท่านั้น', 'ข้อ ค และ ข้อ ง กล่าวถูกต้อง', '1', 3, '2018-05-13 03:43:06', '2018-05-13 03:43:06'),
(30, '<p><span style=\"font-weight: 400;\">ข้อใด </span><strong>ไม่ใช่</strong><span style=\"font-weight: 400;\"> องค์ประกอบของมัลติมีเดีย</span></p>', 'ภาพนิ่ง', 'ภาพเคลื่อนไหว', 'ข้อความ', 'สี', '4', 3, '2018-05-13 03:43:48', '2018-05-13 03:43:48'),
(31, '<p><span style=\"font-weight: 400;\">การพิมพ์ข้อความในโปรแกรม Desktop Author ใช้คำสั่งใด</span></p>', 'เมนู Insert ---> เลือกคำสั่ง Text', 'เมนู File ---> เลือกคำสั่ง Text', 'เมนู View ---> เลือกคำสั่ง Text', 'เมนู Tools ---> เลือกคำสั่ง Text', '1', 3, '2018-05-13 03:44:29', '2018-05-13 03:44:29'),
(32, '<p><span style=\"font-weight: 400;\">ข้อใดเป็นวิธีการแก้ไขข้อความ</span></p>', 'คลิกขวาที่ข้อความเท่านั้น', 'คลิกซ้ายที่ข้อความเท่านั้น', 'ดับเบิ้ลคลิกที่ข้อความ', 'ข้อ ก และ ข้อ ข กล่าวถูกต้อง', '3', 3, '2018-05-13 03:44:59', '2018-05-13 03:44:59'),
(33, '<p><span style=\"font-weight: 400;\">ข้อใดเป็นคำสั่งในการแทรกรูปภาพในโปรแกรม Desktop Author</span></p>', 'เมนู File ---> เลือกคำสั่ง Image', 'เมนู View ---> เลือกคำสั่ง Image', 'เมนู Insert ---> เลือกคำสั่ง Image', 'เมนู Tools ---> เลือกคำสั่ง Image', '3', 3, '2018-05-13 03:45:40', '2018-05-13 03:45:40'),
(34, '<p><span style=\"font-weight: 400;\">ข้อใดเป็นนามสกุลของแฟ้มรูปภาพ</span></p>', 'bmp, jpg, wav', 'bmp, jpg, xml', 'bmp, jpg, gif', 'bmp, jpg, mp3', '3', 3, '2018-05-13 03:46:06', '2018-05-13 03:46:06'),
(35, '<p><span style=\"font-weight: 400;\">ข้อใดเป็นนามสกุลของแฟ้มเสียง</span></p>', 'mp3, midi, wma', 'mp3, midi, bmp', 'mp3, cda, wm', 'ข้อ ก และ ข้อ ค กล่าวถูกต้อง', '4', 3, '2018-05-13 03:46:41', '2018-05-13 03:46:41'),
(36, '<p><span style=\"font-weight: 400;\">การแทรกไฟล์วิดีโอลงในหนังสืออิเล็กทรอนิกส์ต้องปฏิบัติตามข้อใด</span></p>', 'เมนู Insert ---> เลือกคำสั่ง Multimedia ---> คลิกปุ่ม Select Multimedia', 'เมนู Insert ---> เลือกคำสั่ง Sound ---> คลิกปุ่ม Select Multimedia', 'เมนู Insert ---> เลือกคำสั่ง Dialog ---> คลิกปุ่ม Select Multimedia', 'เมนู Insert ---> เลือกคำสั่ง Image ---> คลิกปุ่ม Select Multimedia', '1', 3, '2018-05-13 03:47:20', '2018-05-13 03:47:20'),
(37, '<p><span style=\"font-weight: 400;\">ภาพวิดีโอที่สามารถนำมาใช้ร่วมกับโปรแกรม Desktop Author เป็นแฟ้มนามสกุลใด</span></p>', 'cda', 'avi', 'midi', 'mov', '4', 3, '2018-05-13 03:47:51', '2018-05-13 03:47:51'),
(38, '<p><span style=\"font-weight: 400;\">เมื่อคลิกปุ่ม</span><span style=\"font-weight: 400;\"> <img src=\"/webda/public/photos/1/Screen Shot 2018-05-13 at 10.48.03 AM.png\" alt=\"\" width=\"43\" height=\"41\" />&nbsp;หมายถึงข้อใด</span></p>', 'ทดสอบการทำงานของ Multimedia', 'ทดสอบการทำงานของ Desktop Author', 'ทดสอบการทำงานของ Image', 'ทดสอบการทำงานของ Sound', '1', 3, '2018-05-13 03:48:59', '2018-05-13 03:48:59'),
(39, '<p><strong><span style=\"font-weight: 400;\">การคลิกปุ่ม </span>Show controls<span style=\"font-weight: 400;\"> หมายถึงข้อใ</span></strong></p>', 'ปุ่มควบคุมการเล่นไฟล์ภาพเคลื่อนไหว', 'ปุ่มควบคุมการเล่นไฟล์เสียง', 'ปุ่มควบคุมการนำเสนอผลงาน', 'ปุ่มควบคุมการเล่นเสียงหยุดชั่วคราว', '1', 3, '2018-05-13 03:49:36', '2018-05-13 03:49:36'),
(40, '<p><span style=\"font-weight: 400;\">การคลิกปุ่ม </span><strong>start play automatically</strong><span style=\"font-weight: 400;\"> หมายถึงข้อใด</span></p>', 'เริ่มเล่นอัตโนมัติ', 'หยุดอัตโนมัติ', 'หยุดชั่วคราว', 'เริ่มเล่น', '1', 3, '2018-05-13 03:50:01', '2018-05-13 03:50:01'),
(41, '<p><span style=\"font-weight: 400;\">ข้อใดกล่าวถูกต้องในการสร้างการเชื่อมโยง</span></p>', 'การเชื่อมโยงเป็นการเชื่อมโยงหน้าสารบัญไปยังหน้าเนื้อหา', 'การเชื่อมโยงในหนังสืออิเล็กทรอนิกส์เพื่อไม่ให้เกิดความผิดพลาด', 'การเชื่อมโยงที่ดีต้องมีการออกแบบการเชื่อมโยงก่อนปฏิบัติจริง', 'ถูกทุกข้อที่กล่าวมา', '4', 4, '2018-05-13 03:51:07', '2018-05-13 03:51:07'),
(42, '<p><span style=\"font-weight: 400;\">ข้อใดเป็นขั้นตอนการแทรกปุ่มควบคุม Buttons ได้อย่างถูกต้อง</span></p>', 'คลิกเครื่องมือ Buttons--->เลือกคำสั่ง Home --->เลือกปุ่ม Home--->คลิกปุ่ม Use', 'คลิกเครื่องมือ Buttons--->เลือกปุ่ม Home --->เลือกคำสั่ง Home--->คลิกปุ่ม Use', 'เลือกคำสั่ง Home --->เลือกปุ่ม Home--->คลิกปุ่ม Use', 'เลือกคำสั่ง Home --->คลิกปุ่ม Use--->เลือกปุ่ม Home', '1', 4, '2018-05-13 03:51:47', '2018-05-13 03:51:47'),
(43, '<p><span style=\"font-weight: 400;\">การคลิกเมาส์ปุ่มขวาที่ปุ่ม Buttons แล้วเลือกคำสั่ง Change Link เป็นการกำหนดอะไร</span></p>', 'การกำหนดคุณสมบัติของปุ่ม Buttons', 'การกำหนดคุณสมบัติการกำหนดสีปุ่ม', 'การกำหนดการเชื่อมโยง (Link) ของปุ่ม Buttons', 'การกำหนดการเชื่อมโยง (Link) เพื่อไปหน้าถัดไป', '3', 4, '2018-05-13 03:52:17', '2018-05-13 03:52:17'),
(44, '<p><span style=\"font-weight: 400;\">การเลือกประเภทการเชื่อมโยง (Link) เป็นแบบ Page หมายถึงข้อใด</span></p>', 'เชื่อมโยงไปเว็บไซต์ภายนอก', 'เชื่อมโยงไปยังหน้าปก e-book', 'เชื่อมโยงเพื่อออกจากโปรแกรม', 'เชื่อมโยงภายในหน้าของ e-book โดยระบุเลขหน้า', '4', 4, '2018-05-13 03:52:54', '2018-05-13 03:52:54'),
(45, '<p><span style=\"font-weight: 400;\">การเลือกประเภทการเชื่อมโยง (Link) เป็นแบบ Link Target หมายถึงข้อใด</span></p>', 'เชื่อมโยงไปเว็บไซต์ภายนอก', 'เชื่อมโยงไปยังหน้าปก e-book', 'เชื่อมโยงเพื่อออกจากโปรแกรม', 'เชื่อมโยงภายในหน้าของ e-book โดยระบุเลขหน้า', '2', 4, '2018-05-13 03:53:23', '2018-05-13 03:53:23'),
(46, '<p><span style=\"font-weight: 400;\">ข้อใดหมายถึงเป้าหมายปลายทางของการเชื่อมโยง</span></p>', 'Link Page', 'Link Type', 'Link Target', 'Link Go to', '4', 4, '2018-05-13 03:53:56', '2018-05-13 03:53:56'),
(47, '<p><span style=\"font-weight: 400;\">Link Type: CloseWindow หมายถึงข้อใด</span></p>', 'สั่งให้เปิดหน้าต่างใหม่', 'สั่งให้ย้อนกลับไปหน้าแรก', 'สั่งให้ปิดหน้าต่างโปรแกรม', 'สั่งให้ปิดหน้าปัจจุบัน', '3', 4, '2018-05-13 03:54:25', '2018-05-13 03:54:25'),
(48, '<p><span style=\"font-weight: 400;\">ให้เรียงลำดับขั้นตอนการสร้างสารบัญให้ถูกต้อง</span></p>\r\n<ol>\r\n<li><span style=\"font-weight: 400;\"> เลือก Link ---&gt; Link Tpype: Page </span></li>\r\n<li><span style=\"font-weight: 400;\"> พิมพ์ข้อความบอกตำแหน่งหน้า</span></li>\r\n<li><span style=\"font-weight: 400;\"> ป้ายแถบสีข้อความ</span></li>\r\n<li><span style=\"font-weight: 400;\"> เลือก Target ---&gt; ระบุเลขหน้าที่ต้องการ</span></li>\r\n</ol>', '1-2-3-4', '2-1-3-4', '4-3-2-1', '2-3-4-1', '1', 4, '2018-05-13 03:55:06', '2018-05-13 03:55:06'),
(49, '<p><span style=\"font-weight: 400;\">ข้อความที่สร้างการเชื่อมโยงมีลักษณะอย่างไร</span></p>', 'ข้อความเป็นขีดเส้นใต้', 'ข้อความมีเส้นทับเป็นเส้นคู่', 'ข้อความแสดงเป็นตัวหนา', 'ข้อความจะปรากฎเส้นขีดทับบนข้อความ', '4', 4, '2018-05-13 03:55:46', '2018-05-13 03:55:46'),
(50, '<p><span style=\"font-weight: 400;\">การคำหนดปกหลังให้มีคุณภาพโปร่งใส เลือกคำสั่งใด</span></p>', 'Book Transparency', 'Book to Web', 'Upload to Web', 'Book with Transparency', '1', 4, '2018-05-13 03:56:14', '2018-05-13 03:56:14'),
(51, '<p><span style=\"font-weight: 400;\">ให้เรียงลำดับขั้นตอนการสร้างปกหลังให้มีคุณสมบัติโปร่งใสให้ถูกต้อง</span></p>\r\n<ol>\r\n<li><span style=\"font-weight: 400;\"> เมนู Insert ---&gt; เลือก Insert Box </span></li>\r\n<li><span style=\"font-weight: 400;\"> เมนู Tools ---&gt; เลือก &nbsp;Box Transparency</span></li>\r\n<li><span style=\"font-weight: 400;\"> สร้างกรอบสี ---&gt; ขยายให้เต็มพื้นที่ด้านขวามือ</span></li>\r\n<li><span style=\"font-weight: 400;\"> With Transparency ---&gt; เลือก Transparent Colour</span></li>\r\n</ol>\r\n<p>&nbsp;</p>', '2-4-1-3', '1-2-3-4', '4-2-3-1', '3-2-1-4', '1', 4, '2018-05-13 03:57:08', '2018-05-13 03:57:08'),
(52, '<p><span style=\"font-weight: 400;\">การกำหนดสีโปร่งใสมีหลักเกณฑ์อย่างไร</span></p>', 'กำหนดสีอะไรก็ได้ตามใจชอบ', 'กำหนดสีเดียวกันกับที่กำหนดใน Transparent Colour', 'กำหนดสีแตกต่างกันกับที่กำหนดใน Transparent Colour', 'ข้อ ก และ ข้อ ค กล่าวถูกต้อง', '2', 4, '2018-05-13 03:57:41', '2018-05-13 03:57:41'),
(53, '<p><span style=\"font-weight: 400;\">หน้าต่าง Add form objects ในการสร้างข้อสอบมี 2 ส่วน ประกอบไปด้วยอะไรบ้าง</span></p>', 'Question, Answer', 'Question, Tool', 'Answer, View', 'Answer, Tool', '1', 5, '2018-05-13 03:58:53', '2018-05-13 03:58:53'),
(54, '<p><span style=\"font-weight: 400;\">การสร้างแบบทดสอบส่วน Question รายการ Order หมายถึงข้อใด</span></p>', 'คำถามข้อที่', 'ข้อคำถาม', 'การกำหนดฟอนต์', 'ถูกทุกข้อที่กล่าวมา', '1', 5, '2018-05-13 03:59:26', '2018-05-13 03:59:26'),
(55, '<p><span style=\"font-weight: 400;\">การสร้างแบบทดสอบส่วน Question รายการ Style หมายถึงข้อใด</span></p>', 'คำถามข้อที่', 'ข้อคำถาม', 'การกำหนดฟอนต์', 'ถูกทุกข้อที่กล่าวมา', '3', 5, '2018-05-13 03:59:57', '2018-05-13 03:59:57'),
(56, '<p><span style=\"font-weight: 400;\">การกำหนดชนิของคำตอบส่วน Answer รายการ Input หมายถึงข้อใด</span></p>', 'การตอบคำถามสั้นๆ เชิงบรรยาย', 'การตอบคำถามสั้นๆ ไม่เกิน 1 บรรทัด', 'คำถามที่มีคำตอบมากกว่า 1 ข้อ', 'คำถามที่มีคำตอบเพียงข้อเดียว', '2', 5, '2018-05-13 04:00:26', '2018-05-13 04:00:26'),
(57, '<p><span style=\"font-weight: 400;\">การกำหนดชนิของคำตอบส่วน Answer รายการ Radio Box หมายถึงข้อใด</span></p>', 'การตอบคำถามสั้นๆ เชิงบรรยาย', 'การตอบคำถามสั้นๆ ไม่เกิน 1 บรรทัด', 'คำถามที่มีคำตอบมากกว่า 1 ข้อ', 'คำถามที่มีคำตอบเพียงข้อเดียว', '4', 5, '2018-05-13 04:00:55', '2018-05-13 04:00:55'),
(58, '<p><span style=\"font-weight: 400;\">การกำหนดชนิของคำตอบส่วน Answer รายการ Correct หมายถึงข้อใด</span></p>', 'ส่วนของคำตอบที่พิมพ์ลงไป', 'กำหนดฟอนต์และสีตัวอักษร', 'กำหนดคำตอบที่ถูกต้อง', 'กำหนดคะแนนให้กับคำตอบรายการนั้น', '3', 5, '2018-05-13 04:01:27', '2018-05-13 04:01:27'),
(59, '<p><span style=\"font-weight: 400;\">การสร้างปุ่มสำหรับการส่งแบบทดสอบเพื่อให้โปรแกรมประมวลผลใช้คำสั่งใด</span></p>', 'Add Submit Button', 'Add Question', 'Add Upload Button', 'Edit Result Page', '1', 5, '2018-05-13 04:01:57', '2018-05-13 04:01:57'),
(60, '<p><span style=\"font-weight: 400;\">การกำหนดรูปแบบหน้ารายงานผลแบบทดสอบใช้คำสั่งใด</span></p>', 'Add Submit Button', 'Add Question', 'Add Upload Button', 'Edit Result Page', '4', 5, '2018-05-13 04:02:32', '2018-05-13 04:02:32'),
(61, '<p><span style=\"font-weight: 400;\">ข้อใดคือความหมายของคำว่า </span><strong>Package</strong></p>', 'เรียงลำดับแฟ้ม', 'การแยกประเภทแฟ้ม', 'การสร้างแฟ้มหลาย ๆ ประเภท', 'การบีบอัดแฟ้มรวมเป็นแฟ้มเดียว', '4', 6, '2018-05-13 04:03:42', '2018-05-13 04:03:42'),
(62, '<p><strong></strong><span>การเลือกเครื่องมือ Next page&nbsp;<img src=\"/webda/public/photos/1/Screen Shot 2018-05-13 at 11.03.51 AM.png\" alt=\"\" width=\"35\" height=\"34\" />&nbsp;</span><span> มีจุดมุ่งหมายเพื่ออะไร</span></p>', 'การตรวจสอบความถูกต้อง e-book ที่สร้างขึ้นทุกหน้าก่อนทำการ Package', 'การตรวจสอบบางหน้าที่สร้าง e-book ขึ้นมา', 'การตรวจสอบส่วนของหน้าปกเท่านั้น', 'การตรวจสอบเนื้อหาภายใน e-book เท่านั้น', '1', 6, '2018-05-13 04:04:55', '2018-05-13 04:04:55'),
(63, '<p><span style=\"font-weight: 400;\">การบีบอัดไฟล์ (Package) หนังสืออิเล็กทรอนิกส์สามารถนำไปใช้ได้เลย นามสกุลแฟ้มคือข้อใด</span></p>', 'นามสกุล .exe', 'นามสกุล .dnl', 'นามสกุล .swf', 'นามสกุล .src', '1', 6, '2018-05-13 04:05:24', '2018-05-13 04:05:24'),
(64, '<p><span style=\"font-weight: 400;\"> การบีบอัดไฟล์ (Package) หนังสืออิเล็กทรอนิกส์เพื่อเผยแพร่บนเว็บเพจ นามสกุลแฟ้มคือข้อใด</span></p>', 'นามสกุล .exe', 'นามสกุล .dnl', 'นามสกุล .swf', 'นามสกุล .src', '2', 6, '2018-05-13 04:05:54', '2018-05-13 04:05:54'),
(65, '<p><span style=\"font-weight: 400;\">ขั้นตอนการบีบอัด (Package) ไฟล์หนังสืออิเล็กทรอนิกส์เพื่อใช้งานกับคอมพิวเตอร์ คือข้อใด</span></p>', 'เมนู File ---> เลือก Package DNL', 'เมนู File ---> เลือก Package DRM', 'เมนู File ---> เลือก Package EXE', 'เมนู File ---> เลือก Package SCR', '3', 6, '2018-05-13 04:06:33', '2018-05-13 04:06:33'),
(66, '<p><span style=\"font-weight: 400;\">ขั้นตอนการบีบอัด (Package) ไฟล์หนังสืออิเล็กทรอนิกส์เพื่อเผยแพร่ทางเว็บไซต์ คือข้อใด</span></p>', 'เมนู File ---> เลือก Package DNL', 'เมนู File ---> เลือก Package DRM', 'เมนู File ---> เลือก Package EXE', 'เมนู File ---> เลือก Package SCR', '1', 6, '2018-05-13 04:07:07', '2018-05-13 04:07:07'),
(67, '<p><span style=\"font-weight: 400;\">การบีบอัด (Package) ไฟล์ที่มีขนาดเล็กสามารถส่งผ่านเครือข่ายหรือทางอีเมล์ ควรเป็นแบบใด</span></p>', 'Package DNL', 'Package DRM', 'Package EXE', 'Package SCR', '1', 6, '2018-05-13 04:07:34', '2018-05-13 04:07:34'),
(68, '<p><span style=\"font-weight: 400;\">การนำแฟ้มงานที่ทำการบีบอัด (Package) ไฟล์เพื่อขึ้นไปไว้ในแม่ข่าย(Server) เรียกว่าอะไร</span></p>', 'Package', 'Download', 'Upload', 'Publish', '3', 6, '2018-05-13 04:08:05', '2018-05-13 04:08:05');

-- --------------------------------------------------------

--
-- Table structure for table `units`
--

CREATE TABLE `units` (
  `id` int(10) UNSIGNED NOT NULL,
  `name` varchar(191) COLLATE utf8mb4_unicode_ci NOT NULL,
  `title` varchar(100) COLLATE utf8mb4_unicode_ci NOT NULL,
  `created_at` timestamp NULL DEFAULT NULL,
  `updated_at` timestamp NULL DEFAULT NULL
) ENGINE=InnoDB DEFAULT CHARSET=utf8mb4 COLLATE=utf8mb4_unicode_ci;

--
-- Dumping data for table `units`
--

INSERT INTO `units` (`id`, `name`, `title`, `created_at`, `updated_at`) VALUES
(1, 'หน่วยที่ 1', 'แนะนำ DESKTOP AUTHOR', '2018-05-08 23:05:23', '2018-05-08 23:05:23'),
(2, 'หน่วยที่ 2', 'เริ่มสร้างหนังสืออิเล็กทรอนิกส์', '2018-05-08 23:05:23', '2018-05-08 23:05:23'),
(3, 'หน่วยที่ 3', 'ข้อความและ MULTIMEDIA', '2018-05-08 23:05:23', '2018-05-08 23:05:23'),
(4, 'หน่วยที่ 4', 'ปุ่ม BUTTONS และการเชื่อมโยง', '2018-05-08 23:05:23', '2018-05-08 23:05:23'),
(5, 'หน่วยที่ 5', 'การสร้างแบบทดสอบ', '2018-05-08 23:05:23', '2018-05-08 23:05:23'),
(6, 'หน่วยที่ 6', 'การบีบอัดไฟล์เพื่อเผยแพร่ผลงาน', '2018-05-08 23:05:23', '2018-05-08 23:05:23');

-- --------------------------------------------------------

--
-- Table structure for table `users`
--

CREATE TABLE `users` (
  `id` int(10) UNSIGNED NOT NULL,
  `name` varchar(191) COLLATE utf8mb4_unicode_ci NOT NULL,
  `email` varchar(191) COLLATE utf8mb4_unicode_ci NOT NULL,
  `password` varchar(191) COLLATE utf8mb4_unicode_ci NOT NULL,
  `remember_token` varchar(100) COLLATE utf8mb4_unicode_ci DEFAULT NULL,
  `created_at` timestamp NULL DEFAULT NULL,
  `updated_at` timestamp NULL DEFAULT NULL
) ENGINE=InnoDB DEFAULT CHARSET=utf8mb4 COLLATE=utf8mb4_unicode_ci;

--
-- Dumping data for table `users`
--

INSERT INTO `users` (`id`, `name`, `email`, `password`, `remember_token`, `created_at`, `updated_at`) VALUES
(1, 'leksoft', 'leksoft@rmu.ac.th', '$2y$10$MTvYdzGLlNeu.GhUSiLhtO.t7DUvteVdEJICeunYqcyCwJd8UybfC', 'WCEFXIOyUIFhzyls95QpOhR3Sny8YXhzjY9tdwzc0oivhL3TqrFpxzSkUa3X', '2018-05-08 02:26:49', '2018-05-08 02:26:49');

--
-- Indexes for dumped tables
--

--
-- Indexes for table `learnings`
--
ALTER TABLE `learnings`
  ADD PRIMARY KEY (`id`),
  ADD KEY `learnings_unit_id_foreign` (`unit_id`);

--
-- Indexes for table `menu`
--
ALTER TABLE `menu`
  ADD PRIMARY KEY (`id`);

--
-- Indexes for table `migrations`
--
ALTER TABLE `migrations`
  ADD PRIMARY KEY (`id`);

--
-- Indexes for table `password_resets`
--
ALTER TABLE `password_resets`
  ADD KEY `password_resets_email_index` (`email`);

--
-- Indexes for table `posttests`
--
ALTER TABLE `posttests`
  ADD PRIMARY KEY (`id`);

--
-- Indexes for table `pretests`
--
ALTER TABLE `pretests`
  ADD PRIMARY KEY (`id`),
  ADD KEY `pretests_user_id_foreign` (`user_id`);

--
-- Indexes for table `result_posttest`
--
ALTER TABLE `result_posttest`
  ADD PRIMARY KEY (`id`),
  ADD KEY `result_posttest_user_id_foreign` (`user_id`);

--
-- Indexes for table `result_pretest`
--
ALTER TABLE `result_pretest`
  ADD PRIMARY KEY (`id`),
  ADD KEY `result_pretest_user_id_foreign` (`user_id`);

--
-- Indexes for table `result_test`
--
ALTER TABLE `result_test`
  ADD PRIMARY KEY (`id`),
  ADD KEY `result_test_user_id_foreign` (`user_id`);

--
-- Indexes for table `score`
--
ALTER TABLE `score`
  ADD PRIMARY KEY (`id`),
  ADD KEY `score_user_id_foreign` (`user_id`);

--
-- Indexes for table `submenu`
--
ALTER TABLE `submenu`
  ADD PRIMARY KEY (`id`);

--
-- Indexes for table `tests`
--
ALTER TABLE `tests`
  ADD PRIMARY KEY (`id`),
  ADD KEY `tests_unit_id_foreign` (`unit_id`);

--
-- Indexes for table `units`
--
ALTER TABLE `units`
  ADD PRIMARY KEY (`id`);

--
-- Indexes for table `users`
--
ALTER TABLE `users`
  ADD PRIMARY KEY (`id`),
  ADD UNIQUE KEY `users_email_unique` (`email`);

--
-- AUTO_INCREMENT for dumped tables
--

--
-- AUTO_INCREMENT for table `learnings`
--
ALTER TABLE `learnings`
  MODIFY `id` int(10) UNSIGNED NOT NULL AUTO_INCREMENT, AUTO_INCREMENT=29;
--
-- AUTO_INCREMENT for table `menu`
--
ALTER TABLE `menu`
  MODIFY `id` int(10) UNSIGNED NOT NULL AUTO_INCREMENT, AUTO_INCREMENT=6;
--
-- AUTO_INCREMENT for table `migrations`
--
ALTER TABLE `migrations`
  MODIFY `id` int(10) UNSIGNED NOT NULL AUTO_INCREMENT, AUTO_INCREMENT=22;
--
-- AUTO_INCREMENT for table `posttests`
--
ALTER TABLE `posttests`
  MODIFY `id` int(10) UNSIGNED NOT NULL AUTO_INCREMENT, AUTO_INCREMENT=34;
--
-- AUTO_INCREMENT for table `pretests`
--
ALTER TABLE `pretests`
  MODIFY `id` int(10) UNSIGNED NOT NULL AUTO_INCREMENT, AUTO_INCREMENT=33;
--
-- AUTO_INCREMENT for table `result_posttest`
--
ALTER TABLE `result_posttest`
  MODIFY `id` int(10) UNSIGNED NOT NULL AUTO_INCREMENT, AUTO_INCREMENT=34;
--
-- AUTO_INCREMENT for table `result_pretest`
--
ALTER TABLE `result_pretest`
  MODIFY `id` int(10) UNSIGNED NOT NULL AUTO_INCREMENT, AUTO_INCREMENT=54;
--
-- AUTO_INCREMENT for table `result_test`
--
ALTER TABLE `result_test`
  MODIFY `id` int(10) UNSIGNED NOT NULL AUTO_INCREMENT, AUTO_INCREMENT=37;
--
-- AUTO_INCREMENT for table `score`
--
ALTER TABLE `score`
  MODIFY `id` int(10) UNSIGNED NOT NULL AUTO_INCREMENT, AUTO_INCREMENT=18;
--
-- AUTO_INCREMENT for table `submenu`
--
ALTER TABLE `submenu`
  MODIFY `id` int(10) UNSIGNED NOT NULL AUTO_INCREMENT, AUTO_INCREMENT=19;
--
-- AUTO_INCREMENT for table `tests`
--
ALTER TABLE `tests`
  MODIFY `id` int(10) UNSIGNED NOT NULL AUTO_INCREMENT, AUTO_INCREMENT=69;
--
-- AUTO_INCREMENT for table `units`
--
ALTER TABLE `units`
  MODIFY `id` int(10) UNSIGNED NOT NULL AUTO_INCREMENT, AUTO_INCREMENT=7;
--
-- AUTO_INCREMENT for table `users`
--
ALTER TABLE `users`
  MODIFY `id` int(10) UNSIGNED NOT NULL AUTO_INCREMENT, AUTO_INCREMENT=2;
--
-- Constraints for dumped tables
--

--
-- Constraints for table `learnings`
--
ALTER TABLE `learnings`
  ADD CONSTRAINT `learnings_unit_id_foreign` FOREIGN KEY (`unit_id`) REFERENCES `units` (`id`);

--
-- Constraints for table `pretests`
--
ALTER TABLE `pretests`
  ADD CONSTRAINT `pretests_user_id_foreign` FOREIGN KEY (`user_id`) REFERENCES `users` (`id`);

--
-- Constraints for table `result_posttest`
--
ALTER TABLE `result_posttest`
  ADD CONSTRAINT `result_posttest_user_id_foreign` FOREIGN KEY (`user_id`) REFERENCES `users` (`id`);

--
-- Constraints for table `result_pretest`
--
ALTER TABLE `result_pretest`
  ADD CONSTRAINT `result_pretest_user_id_foreign` FOREIGN KEY (`user_id`) REFERENCES `users` (`id`);

--
-- Constraints for table `result_test`
--
ALTER TABLE `result_test`
  ADD CONSTRAINT `result_test_user_id_foreign` FOREIGN KEY (`user_id`) REFERENCES `users` (`id`);

--
-- Constraints for table `score`
--
ALTER TABLE `score`
  ADD CONSTRAINT `score_user_id_foreign` FOREIGN KEY (`user_id`) REFERENCES `users` (`id`);

--
-- Constraints for table `tests`
--
ALTER TABLE `tests`
  ADD CONSTRAINT `tests_unit_id_foreign` FOREIGN KEY (`unit_id`) REFERENCES `units` (`id`);

/*!40101 SET CHARACTER_SET_CLIENT=@OLD_CHARACTER_SET_CLIENT */;
/*!40101 SET CHARACTER_SET_RESULTS=@OLD_CHARACTER_SET_RESULTS */;
/*!40101 SET COLLATION_CONNECTION=@OLD_COLLATION_CONNECTION */;
